{"type":"FeatureCollection","features":[{"type":"Feature","properties":{"name":"K","kind":"annular"},"geometry":{"type":"LineString","coordinates":[[-119.207884,40.767452],[-119.208272,40.767454],[-119.20866,40.767463],[-119.209048,40.767476],[-119.209435,40.767496],[-119.209823,40.767521],[-119.21021,40.767551],[-119.210596,40.767587]]}},{"type":"Feature","properties":{"name":"K","kind":"annular"},"geometry":{"type":"LineString","coordinates":[[-119.205172,40.767587],[-119.205559,40.767551],[-119.205946,40.767521],[-119.206333,40.767496],[-119.20672,40.767476],[-119.207108,40.767463],[-119.207496,40.767454],[-119.207884,40.767452]]}},{"type":"Feature","properties":{"name":"4:30","kind":"avenue"},"geometry":{"type":"LineString","coordinates":[[-119.207884,40.767973],[-119.207884,40.767452]]}},{"type":"Feature","properties":{"name":"K","kind":"annular"},"geometry":{"type":"LineString","coordinates":[[-119.210596,40.767587],[-119.210979,40.767628],[-119.211361,40.767674],[-119.211743,40.767726],[-119.212124,40.767784],[-119.212504,40.767847],[-119.212883,40.767916],[-119.213261,40.76799]]}},{"type":"Feature","properties":{"name":"K","kind":"annular"},"geometry":{"type":"LineString","coordinates":[[-119.202507,40.76799],[-119.202885,40.767916],[-119.203264,40.767847],[-119.203644,40.767784],[-119.204025,40.767726],[-119.204407,40.767674],[-119.204789,40.767628],[-119.205172,40.767587]]}},{"type":"Feature","properties":{"name":"4:45","kind":"path"},"geometry":{"type":"LineString","coordinates":[[-119.210506,40.768104],[-119.210596,40.767587]]}},{"type":"Feature","properties":{"name":"J","kind":"annular"},"geometry":{"type":"LineString","coordinates":[[-119.207884,40.767973],[-119.208259,40.767976],[-119.208634,40.767984],[-119.209009,40.767997],[-119.209384,40.768016],[-119.209759,40.76804],[-119.210133,40.768069],[-119.210506,40.768104]]}},{"type":"Feature","properties":{"name":"J","kind":"annular"},"geometry":{"type":"LineString","coordinates":[[-119.205262,40.768104],[-119.205635,40.768069],[-119.206009,40.76804],[-119.206384,40.768016],[-119.206759,40.767997],[-119.207134,40.767984],[-119.207509,40.767976],[-119.207884,40.767973]]}},{"type":"Feature","properties":{"name":"4:15","kind":"path"},"geometry":{"type":"LineString","coordinates":[[-119.205262,40.768104],[-119.205172,40.767587]]}},{"type":"Feature","properties":{"name":"4:30","kind":"avenue"},"geometry":{"type":"LineString","coordinates":[[-119.207884,40.768467],[-119.207884,40.767973]]}},{"type":"Feature","properties":{"name":"5:00","kind":"avenue"},"geometry":{"type":"LineString","coordinates":[[-119.213084,40.768493],[-119.213261,40.76799]]}},{"type":"Feature","properties":{"name":"J","kind":"annular"},"geometry":{"type":"LineString","coordinates":[[-119.210506,40.768104],[-119.210877,40.768143],[-119.211247,40.768188],[-119.211616,40.768239],[-119.211984,40.768295],[-119.212352,40.768356],[-119.212718,40.768422],[-119.213084,40.768493]]}},{"type":"Feature","properties":{"name":"J","kind":"annular"},"geometry":{"type":"LineString","coordinates":[[-119.202684,40.768493],[-119.20305,40.768422],[-119.203417,40.768356],[-119.203784,40.768295],[-119.204152,40.768239],[-119.204522,40.768188],[-119.204891,40.768143],[-119.205262,40.768104]]}},{"type":"Feature","properties":{"name":"4:00","kind":"avenue"},"geometry":{"type":"LineString","coordinates":[[-119.202684,40.768493],[-119.202507,40.76799]]}},{"type":"Feature","properties":{"name":"I","kind":"annular"},"geometry":{"type":"LineString","coordinates":[[-119.205347,40.768594],[-119.205768,40.768555],[-119.206191,40.768523],[-119.206614,40.768499],[-119.207037,40.768481],[-119.20746,40.768471],[-119.207884,40.768467]]}},{"type":"Feature","properties":{"name":"4:15","kind":"path"},"geometry":{"type":"LineString","coordinates":[[-119.205347,40.768594],[-119.205262,40.768104]]}},{"type":"Feature","properties":{"name":"4:45","kind":"path"},"geometry":{"type":"LineString","coordinates":[[-119.210422,40.768594],[-119.210506,40.768104]]}},{"type":"Feature","properties":{"name":"I","kind":"annular"},"geometry":{"type":"LineString","coordinates":[[-119.207884,40.768467],[-119.208308,40.768471],[-119.208731,40.768481],[-119.209154,40.768499],[-119.209577,40.768523],[-119.21,40.768555],[-119.210422,40.768594]]}},{"type":"Feature","properties":{"name":"K","kind":"annular"},"geometry":{"type":"LineString","coordinates":[[-119.213261,40.76799],[-119.213633,40.768068],[-119.214004,40.768152],[-119.214373,40.768241],[-119.21474,40.768336],[-119.215107,40.768437],[-119.215472,40.768542],[-119.215835,40.768654]]}},{"type":"Feature","properties":{"name":"K","kind":"annular"},"geometry":{"type":"LineString","coordinates":[[-119.199933,40.768654],[-119.200297,40.768542],[-119.200661,40.768437],[-119.201028,40.768336],[-119.201396,40.768241],[-119.201765,40.768152],[-119.202135,40.768068],[-119.202507,40.76799]]}},{"type":"Feature","properties":{"name":"I","kind":"annular"},"geometry":{"type":"LineString","coordinates":[[-119.202852,40.768971],[-119.203265,40.76889],[-119.203679,40.768817],[-119.204095,40.768751],[-119.204511,40.768691],[-119.204928,40.768639],[-119.205347,40.768594]]}},{"type":"Feature","properties":{"name":"4:00","kind":"avenue"},"geometry":{"type":"LineString","coordinates":[[-119.202852,40.768971],[-119.202684,40.768493]]}},{"type":"Feature","properties":{"name":"5:00","kind":"avenue"},"geometry":{"type":"LineString","coordinates":[[-119.212916,40.768971],[-119.213084,40.768493]]}},{"type":"Feature","properties":{"name":"I","kind":"annular"},"geometry":{"type":"LineString","coordinates":[[-119.210422,40.768594],[-119.21084,40.768639],[-119.211257,40.768691],[-119.211673,40.768751],[-119.212089,40.768817],[-119.212503,40.76889],[-119.212916,40.768971]]}},{"type":"Feature","properties":{"name":"5:15","kind":"path"},"geometry":{"type":"LineString","coordinates":[[-119.215572,40.769136],[-119.215835,40.768654]]}},{"type":"Feature","properties":{"name":"J","kind":"annular"},"geometry":{"type":"LineString","coordinates":[[-119.213084,40.768493],[-119.213443,40.768569],[-119.213802,40.76865],[-119.214159,40.768737],[-119.214514,40.768829],[-119.214868,40.768926],[-119.215221,40.769028],[-119.215572,40.769136]]}},{"type":"Feature","properties":{"name":"J","kind":"annular"},"geometry":{"type":"LineString","coordinates":[[-119.200196,40.769136],[-119.200547,40.769028],[-119.2009,40.768926],[-119.201254,40.768829],[-119.20161,40.768737],[-119.201967,40.76865],[-119.202325,40.768569],[-119.202684,40.768493]]}},{"type":"Feature","properties":{"name":"3:45","kind":"path"},"geometry":{"type":"LineString","coordinates":[[-119.200196,40.769136],[-119.199933,40.768654]]}},{"type":"Feature","properties":{"name":"4:30","kind":"avenue"},"geometry":{"type":"LineString","coordinates":[[-119.207884,40.769236],[-119.207884,40.768467]]}},{"type":"Feature","properties":{"name":"H","kind":"annular"},"geometry":{"type":"LineString","coordinates":[[-119.205478,40.769356],[-119.205878,40.769319],[-119.206279,40.769289],[-119.20668,40.769266],[-119.207081,40.769249],[-119.207483,40.769239],[-119.207884,40.769236]]}},{"type":"Feature","properties":{"name":"4:15","kind":"path"},"geometry":{"type":"LineString","coordinates":[[-119.205478,40.769356],[-119.205347,40.768594]]}},{"type":"Feature","properties":{"name":"4:45","kind":"path"},"geometry":{"type":"LineString","coordinates":[[-119.21029,40.769356],[-119.210422,40.768594]]}},{"type":"Feature","properties":{"name":"H","kind":"annular"},"geometry":{"type":"LineString","coordinates":[[-119.207884,40.769236],[-119.208286,40.769239],[-119.208687,40.769249],[-119.209088,40.769266],[-119.209489,40.769289],[-119.20989,40.769319],[-119.21029,40.769356]]}},{"type":"Feature","properties":{"name":"K","kind":"annular"},"geometry":{"type":"LineString","coordinates":[[-119.215835,40.768654],[-119.216189,40.768768],[-119.216541,40.768888],[-119.216892,40.769013],[-119.21724,40.769143],[-119.217586,40.769279],[-119.21793,40.769421],[-119.218272,40.769567]]}},{"type":"Feature","properties":{"name":"K","kind":"annular"},"geometry":{"type":"LineString","coordinates":[[-119.197496,40.769567],[-119.197838,40.769421],[-119.198182,40.769279],[-119.198528,40.769143],[-119.198877,40.769013],[-119.199227,40.768888],[-119.199579,40.768768],[-119.199933,40.768654]]}},{"type":"Feature","properties":{"name":"I","kind":"annular"},"geometry":{"type":"LineString","coordinates":[[-119.200444,40.769592],[-119.200784,40.769488],[-119.201126,40.769389],[-119.201468,40.769295],[-119.201813,40.769206],[-119.202158,40.769123],[-119.202505,40.769044],[-119.202852,40.768971]]}},{"type":"Feature","properties":{"name":"3:45","kind":"path"},"geometry":{"type":"LineString","coordinates":[[-119.200444,40.769592],[-119.200196,40.769136]]}},{"type":"Feature","properties":{"name":"5:15","kind":"path"},"geometry":{"type":"LineString","coordinates":[[-119.215324,40.769592],[-119.215572,40.769136]]}},{"type":"Feature","properties":{"name":"I","kind":"annular"},"geometry":{"type":"LineString","coordinates":[[-119.212916,40.768971],[-119.213264,40.769044],[-119.21361,40.769123],[-119.213956,40.769206],[-119.2143,40.769295],[-119.214643,40.769389],[-119.214984,40.769488],[-119.215324,40.769592]]}},{"type":"Feature","properties":{"name":"5:00","kind":"avenue"},"geometry":{"type":"LineString","coordinates":[[-119.212654,40.769713],[-119.212916,40.768971]]}},{"type":"Feature","properties":{"name":"H","kind":"annular"},"geometry":{"type":"LineString","coordinates":[[-119.21029,40.769356],[-119.210686,40.769398],[-119.211082,40.769448],[-119.211476,40.769504],[-119.21187,40.769567],[-119.212263,40.769637],[-119.212654,40.769713]]}},{"type":"Feature","properties":{"name":"H","kind":"annular"},"geometry":{"type":"LineString","coordinates":[[-119.203114,40.769713],[-119.203505,40.769637],[-119.203898,40.769567],[-119.204292,40.769504],[-119.204686,40.769448],[-119.205082,40.769398],[-119.205478,40.769356]]}},{"type":"Feature","properties":{"name":"4:00","kind":"avenue"},"geometry":{"type":"LineString","coordinates":[[-119.203114,40.769713],[-119.202852,40.768971]]}},{"type":"Feature","properties":{"name":"4:30","kind":"avenue"},"geometry":{"type":"LineString","coordinates":[[-119.207884,40.770004],[-119.207884,40.769236]]}},{"type":"Feature","properties":{"name":"5:30","kind":"avenue"},"geometry":{"type":"LineString","coordinates":[[-119.21793,40.770019],[-119.218272,40.769567]]}},{"type":"Feature","properties":{"name":"J","kind":"annular"},"geometry":{"type":"LineString","coordinates":[[-119.215572,40.769136],[-119.215915,40.769246],[-119.216255,40.769362],[-119.216594,40.769483],[-119.216931,40.769609],[-119.217266,40.769741],[-119.217599,40.769877],[-119.21793,40.770019]]}},{"type":"Feature","properties":{"name":"J","kind":"annular"},"geometry":{"type":"LineString","coordinates":[[-119.197839,40.770019],[-119.198169,40.769877],[-119.198502,40.769741],[-119.198837,40.769609],[-119.199174,40.769483],[-119.199513,40.769362],[-119.199853,40.769246],[-119.200196,40.769136]]}},{"type":"Feature","properties":{"name":"3:30","kind":"avenue"},"geometry":{"type":"LineString","coordinates":[[-119.197839,40.770019],[-119.197496,40.769567]]}},{"type":"Feature","properties":{"name":"4:45","kind":"path"},"geometry":{"type":"LineString","coordinates":[[-119.210158,40.770117],[-119.21029,40.769356]]}},{"type":"Feature","properties":{"name":"G","kind":"annular"},"geometry":{"type":"LineString","coordinates":[[-119.207884,40.770004],[-119.208264,40.770007],[-119.208643,40.770017],[-119.209022,40.770032],[-119.209401,40.770055],[-119.20978,40.770083],[-119.210158,40.770117]]}},{"type":"Feature","properties":{"name":"G","kind":"annular"},"geometry":{"type":"LineString","coordinates":[[-119.20561,40.770117],[-119.205988,40.770083],[-119.206367,40.770055],[-119.206746,40.770032],[-119.207125,40.770017],[-119.207505,40.770007],[-119.207884,40.770004]]}},{"type":"Feature","properties":{"name":"4:15","kind":"path"},"geometry":{"type":"LineString","coordinates":[[-119.20561,40.770117],[-119.205478,40.769356]]}},{"type":"Feature","properties":{"name":"5:15","kind":"path"},"geometry":{"type":"LineString","coordinates":[[-119.214937,40.770302],[-119.215324,40.769592]]}},{"type":"Feature","properties":{"name":"H","kind":"annular"},"geometry":{"type":"LineString","coordinates":[[-119.212654,40.769713],[-119.213039,40.769795],[-119.213422,40.769883],[-119.213803,40.769978],[-119.214183,40.770079],[-119.214561,40.770187],[-119.214937,40.770302]]}},{"type":"Feature","properties":{"name":"H","kind":"annular"},"geometry":{"type":"LineString","coordinates":[[-119.200831,40.770302],[-119.201207,40.770187],[-119.201585,40.770079],[-119.201965,40.769978],[-119.202346,40.769883],[-119.202729,40.769795],[-119.203114,40.769713]]}},{"type":"Feature","properties":{"name":"3:45","kind":"path"},"geometry":{"type":"LineString","coordinates":[[-119.200831,40.770302],[-119.200444,40.769592]]}},{"type":"Feature","properties":{"name":"5:30","kind":"avenue"},"geometry":{"type":"LineString","coordinates":[[-119.217605,40.770447],[-119.21793,40.770019]]}},{"type":"Feature","properties":{"name":"I","kind":"annular"},"geometry":{"type":"LineString","coordinates":[[-119.215324,40.769592],[-119.215655,40.769699],[-119.215985,40.769811],[-119.216313,40.769928],[-119.216639,40.77005],[-119.216963,40.770177],[-119.217285,40.77031],[-119.217605,40.770447]]}},{"type":"Feature","properties":{"name":"I","kind":"annular"},"geometry":{"type":"LineString","coordinates":[[-119.198164,40.770447],[-119.198483,40.77031],[-119.198806,40.770177],[-119.19913,40.77005],[-119.199456,40.769928],[-119.199783,40.769811],[-119.200113,40.769699],[-119.200444,40.769592]]}},{"type":"Feature","properties":{"name":"3:30","kind":"avenue"},"geometry":{"type":"LineString","coordinates":[[-119.198164,40.770447],[-119.197839,40.770019]]}},{"type":"Feature","properties":{"name":"G","kind":"annular"},"geometry":{"type":"LineString","coordinates":[[-119.203376,40.770455],[-119.203746,40.770383],[-119.204117,40.770318],[-119.204489,40.770258],[-119.204862,40.770205],[-119.205236,40.770158],[-119.20561,40.770117]]}},{"type":"Feature","properties":{"name":"4:00","kind":"avenue"},"geometry":{"type":"LineString","coordinates":[[-119.203376,40.770455],[-119.203114,40.769713]]}},{"type":"Feature","properties":{"name":"5:00","kind":"avenue"},"geometry":{"type":"LineString","coordinates":[[-119.212393,40.770455],[-119.212654,40.769713]]}},{"type":"Feature","properties":{"name":"G","kind":"annular"},"geometry":{"type":"LineString","coordinates":[[-119.210158,40.770117],[-119.210532,40.770158],[-119.210906,40.770205],[-119.211279,40.770258],[-119.211652,40.770318],[-119.212023,40.770383],[-119.212393,40.770455]]}},{"type":"Feature","properties":{"name":"K","kind":"annular"},"geometry":{"type":"LineString","coordinates":[[-119.218272,40.769567],[-119.218603,40.769715],[-119.218931,40.769869],[-119.219257,40.770028],[-119.21958,40.770192],[-119.2199,40.770361],[-119.220218,40.770535],[-119.220532,40.770715]]}},{"type":"Feature","properties":{"name":"K","kind":"annular"},"geometry":{"type":"LineString","coordinates":[[-119.195236,40.770715],[-119.19555,40.770535],[-119.195868,40.770361],[-119.196188,40.770192],[-119.196511,40.770028],[-119.196837,40.769869],[-119.197165,40.769715],[-119.197496,40.769567]]}},{"type":"Feature","properties":{"name":"4:30","kind":"avenue"},"geometry":{"type":"LineString","coordinates":[[-119.207884,40.770773],[-119.207884,40.770004]]}},{"type":"Feature","properties":{"name":"4:45","kind":"path"},"geometry":{"type":"LineString","coordinates":[[-119.210026,40.770879],[-119.210158,40.770117]]}},{"type":"Feature","properties":{"name":"F","kind":"annular"},"geometry":{"type":"LineString","coordinates":[[-119.207884,40.770773],[-119.208242,40.770776],[-119.208599,40.770785],[-119.208956,40.770799],[-119.209313,40.77082],[-119.20967,40.770847],[-119.210026,40.770879]]}},{"type":"Feature","properties":{"name":"F","kind":"annular"},"geometry":{"type":"LineString","coordinates":[[-119.205742,40.770879],[-119.206098,40.770847],[-119.206455,40.77082],[-119.206812,40.770799],[-119.207169,40.770785],[-119.207527,40.770776],[-119.207884,40.770773]]}},{"type":"Feature","properties":{"name":"4:15","kind":"path"},"geometry":{"type":"LineString","coordinates":[[-119.205742,40.770879],[-119.20561,40.770117]]}},{"type":"Feature","properties":{"name":"5:15","kind":"path"},"geometry":{"type":"LineString","coordinates":[[-119.21455,40.771012],[-119.214937,40.770302]]}},{"type":"Feature","properties":{"name":"G","kind":"annular"},"geometry":{"type":"LineString","coordinates":[[-119.212393,40.770455],[-119.212756,40.770532],[-119.213118,40.770616],[-119.213479,40.770706],[-119.213838,40.770802],[-119.214195,40.770904],[-119.21455,40.771012]]}},{"type":"Feature","properties":{"name":"G","kind":"annular"},"geometry":{"type":"LineString","coordinates":[[-119.201218,40.771012],[-119.201573,40.770904],[-119.201931,40.770802],[-119.20229,40.770706],[-119.20265,40.770616],[-119.203012,40.770532],[-119.203376,40.770455]]}},{"type":"Feature","properties":{"name":"3:45","kind":"path"},"geometry":{"type":"LineString","coordinates":[[-119.201218,40.771012],[-119.200831,40.770302]]}},{"type":"Feature","properties":{"name":"H","kind":"annular"},"geometry":{"type":"LineString","coordinates":[[-119.198669,40.771113],[-119.199023,40.770961],[-119.19938,40.770816],[-119.199739,40.770678],[-119.200101,40.770546],[-119.200465,40.770421],[-119.200831,40.770302]]}},{"type":"Feature","properties":{"name":"3:30","kind":"avenue"},"geometry":{"type":"LineString","coordinates":[[-119.198669,40.771113],[-119.198164,40.770447]]}},{"type":"Feature","properties":{"name":"5:30","kind":"avenue"},"geometry":{"type":"LineString","coordinates":[[-119.217099,40.771113],[-119.217605,40.770447]]}},{"type":"Feature","properties":{"name":"H","kind":"annular"},"geometry":{"type":"LineString","coordinates":[[-119.214937,40.770302],[-119.215303,40.770421],[-119.215667,40.770546],[-119.216029,40.770678],[-119.216388,40.770816],[-119.216745,40.770961],[-119.217099,40.771113]]}},{"type":"Feature","properties":{"name":"5:45","kind":"avenue"},"geometry":{"type":"LineString","coordinates":[[-119.220115,40.771129],[-119.220532,40.770715]]}},{"type":"Feature","properties":{"name":"J","kind":"annular"},"geometry":{"type":"LineString","coordinates":[[-119.21793,40.770019],[-119.218249,40.770162],[-119.218567,40.77031],[-119.218882,40.770464],[-119.219194,40.770623],[-119.219504,40.770786],[-119.219811,40.770955],[-119.220115,40.771129]]}},{"type":"Feature","properties":{"name":"J","kind":"annular"},"geometry":{"type":"LineString","coordinates":[[-119.195653,40.771129],[-119.195958,40.770955],[-119.196265,40.770786],[-119.196574,40.770623],[-119.196887,40.770464],[-119.197202,40.77031],[-119.197519,40.770162],[-119.197839,40.770019]]}},{"type":"Feature","properties":{"name":"3:15","kind":"path"},"geometry":{"type":"LineString","coordinates":[[-119.195653,40.771129],[-119.195236,40.770715]]}},{"type":"Feature","properties":{"name":"5:00","kind":"avenue"},"geometry":{"type":"LineString","coordinates":[[-119.212131,40.771198],[-119.212393,40.770455]]}},{"type":"Feature","properties":{"name":"F","kind":"annular"},"geometry":{"type":"LineString","coordinates":[[-119.210026,40.770879],[-119.210379,40.770918],[-119.210731,40.770962],[-119.211082,40.771012],[-119.211433,40.771068],[-119.211783,40.77113],[-119.212131,40.771198]]}},{"type":"Feature","properties":{"name":"F","kind":"annular"},"geometry":{"type":"LineString","coordinates":[[-119.203637,40.771198],[-119.203986,40.77113],[-119.204335,40.771068],[-119.204686,40.771012],[-119.205037,40.770962],[-119.205389,40.770918],[-119.205742,40.770879]]}},{"type":"Feature","properties":{"name":"4:00","kind":"avenue"},"geometry":{"type":"LineString","coordinates":[[-119.203637,40.771198],[-119.203376,40.770455]]}},{"type":"Feature","properties":{"name":"5:45","kind":"avenue"},"geometry":{"type":"LineString","coordinates":[[-119.219719,40.771521],[-119.220115,40.771129]]}},{"type":"Feature","properties":{"name":"I","kind":"annular"},"geometry":{"type":"LineString","coordinates":[[-119.217605,40.770447],[-119.217914,40.770585],[-119.218221,40.770729],[-119.218526,40.770877],[-119.218828,40.771031],[-119.219128,40.771189],[-119.219425,40.771353],[-119.219719,40.771521]]}},{"type":"Feature","properties":{"name":"I","kind":"annular"},"geometry":{"type":"LineString","coordinates":[[-119.196049,40.771521],[-119.196343,40.771353],[-119.19664,40.771189],[-119.19694,40.771031],[-119.197242,40.770877],[-119.197547,40.770729],[-119.197854,40.770585],[-119.198164,40.770447]]}},{"type":"Feature","properties":{"name":"3:15","kind":"path"},"geometry":{"type":"LineString","coordinates":[[-119.196049,40.771521],[-119.195653,40.771129]]}},{"type":"Feature","properties":{"name":"5:15","kind":"path"},"geometry":{"type":"LineString","coordinates":[[-119.214164,40.771722],[-119.21455,40.771012]]}},{"type":"Feature","properties":{"name":"F","kind":"annular"},"geometry":{"type":"LineString","coordinates":[[-119.212131,40.771198],[-119.212473,40.77127],[-119.212814,40.771349],[-119.213154,40.771433],[-119.213492,40.771524],[-119.213829,40.77162],[-119.214164,40.771722]]}},{"type":"Feature","properties":{"name":"F","kind":"annular"},"geometry":{"type":"LineString","coordinates":[[-119.201605,40.771722],[-119.201939,40.77162],[-119.202276,40.771524],[-119.202614,40.771433],[-119.202954,40.771349],[-119.203295,40.77127],[-119.203637,40.771198]]}},{"type":"Feature","properties":{"name":"3:45","kind":"path"},"geometry":{"type":"LineString","coordinates":[[-119.201605,40.771722],[-119.201218,40.771012]]}},{"type":"Feature","properties":{"name":"G","kind":"annular"},"geometry":{"type":"LineString","coordinates":[[-119.199174,40.771778],[-119.199509,40.771635],[-119.199846,40.771498],[-119.200186,40.771367],[-119.200528,40.771243],[-119.200872,40.771124],[-119.201218,40.771012]]}},{"type":"Feature","properties":{"name":"3:30","kind":"avenue"},"geometry":{"type":"LineString","coordinates":[[-119.199174,40.771778],[-119.198669,40.771113]]}},{"type":"Feature","properties":{"name":"5:30","kind":"avenue"},"geometry":{"type":"LineString","coordinates":[[-119.216594,40.771778],[-119.217099,40.771113]]}},{"type":"Feature","properties":{"name":"G","kind":"annular"},"geometry":{"type":"LineString","coordinates":[[-119.21455,40.771012],[-119.214896,40.771124],[-119.215241,40.771243],[-119.215583,40.771367],[-119.215922,40.771498],[-119.216259,40.771635],[-119.216594,40.771778]]}},{"type":"Feature","properties":{"name":"K","kind":"annular"},"geometry":{"type":"LineString","coordinates":[[-119.220532,40.770715],[-119.220834,40.770894],[-119.221133,40.771079],[-119.221428,40.771268],[-119.221721,40.771463],[-119.222009,40.771663],[-119.222294,40.771867],[-119.222576,40.772077]]}},{"type":"Feature","properties":{"name":"K","kind":"annular"},"geometry":{"type":"LineString","coordinates":[[-119.193192,40.772077],[-119.193474,40.771867],[-119.193759,40.771663],[-119.194048,40.771463],[-119.19434,40.771268],[-119.194635,40.771079],[-119.194934,40.770894],[-119.195236,40.770715]]}},{"type":"Feature","properties":{"name":"4:30","kind":"avenue"},"geometry":{"type":"LineString","coordinates":[[-119.207884,40.772104],[-119.207884,40.770773]]}},{"type":"Feature","properties":{"name":"5:45","kind":"avenue"},"geometry":{"type":"LineString","coordinates":[[-119.219104,40.772131],[-119.219719,40.771521]]}},{"type":"Feature","properties":{"name":"H","kind":"annular"},"geometry":{"type":"LineString","coordinates":[[-119.217099,40.771113],[-119.217441,40.771266],[-119.21778,40.771426],[-119.218116,40.771593],[-119.218449,40.771766],[-119.218778,40.771945],[-119.219104,40.772131]]}},{"type":"Feature","properties":{"name":"H","kind":"annular"},"geometry":{"type":"LineString","coordinates":[[-119.196664,40.772131],[-119.19699,40.771945],[-119.197319,40.771766],[-119.197652,40.771593],[-119.197988,40.771426],[-119.198327,40.771266],[-119.198669,40.771113]]}},{"type":"Feature","properties":{"name":"3:15","kind":"path"},"geometry":{"type":"LineString","coordinates":[[-119.196664,40.772131],[-119.196049,40.771521]]}},{"type":"Feature","properties":{"name":"5:30","kind":"avenue"},"geometry":{"type":"LineString","coordinates":[[-119.216089,40.772444],[-119.216594,40.771778]]}},{"type":"Feature","properties":{"name":"F","kind":"annular"},"geometry":{"type":"LineString","coordinates":[[-119.214164,40.771722],[-119.21449,40.771828],[-119.214814,40.771939],[-119.215136,40.772057],[-119.215456,40.77218],[-119.215773,40.772309],[-119.216089,40.772444]]}},{"type":"Feature","properties":{"name":"F","kind":"annular"},"geometry":{"type":"LineString","coordinates":[[-119.19968,40.772444],[-119.199995,40.772309],[-119.200312,40.77218],[-119.200632,40.772057],[-119.200954,40.771939],[-119.201279,40.771828],[-119.201605,40.771722]]}},{"type":"Feature","properties":{"name":"3:30","kind":"avenue"},"geometry":{"type":"LineString","coordinates":[[-119.19968,40.772444],[-119.199174,40.771778]]}},{"type":"Feature","properties":{"name":"6:00","kind":"avenue"},"geometry":{"type":"LineString","coordinates":[[-119.222576,40.772077],[-119.222091,40.772446]]}},{"type":"Feature","properties":{"name":"J","kind":"annular"},"geometry":{"type":"LineString","coordinates":[[-119.220115,40.771129],[-119.220407,40.771302],[-119.220696,40.77148],[-119.220981,40.771664],[-119.221264,40.771852],[-119.221543,40.772045],[-119.221819,40.772243],[-119.222091,40.772446]]}},{"type":"Feature","properties":{"name":"J","kind":"annular"},"geometry":{"type":"LineString","coordinates":[[-119.193677,40.772446],[-119.193949,40.772243],[-119.194225,40.772045],[-119.194504,40.771852],[-119.194787,40.771664],[-119.195073,40.77148],[-119.195361,40.771302],[-119.195653,40.771129]]}},{"type":"Feature","properties":{"name":"3:00","kind":"avenue"},"geometry":{"type":"LineString","coordinates":[[-119.193677,40.772446],[-119.193192,40.772077]]}},{"type":"Feature","properties":{"name":"5:00","kind":"avenue"},"geometry":{"type":"LineString","coordinates":[[-119.211678,40.772484],[-119.212131,40.771198]]}},{"type":"Feature","properties":{"name":"E","kind":"annular"},"geometry":{"type":"LineString","coordinates":[[-119.207884,40.772104],[-119.208231,40.772107],[-119.208578,40.772116],[-119.208925,40.772132],[-119.209272,40.772154],[-119.209618,40.772182],[-119.209963,40.772217],[-119.210308,40.772257],[-119.210652,40.772305],[-119.210995,40.772358],[-119.211337,40.772418],[-119.211678,40.772484]]}},{"type":"Feature","properties":{"name":"E","kind":"annular"},"geometry":{"type":"LineString","coordinates":[[-119.20409,40.772484],[-119.204431,40.772418],[-119.204773,40.772358],[-119.205116,40.772305],[-119.20546,40.772257],[-119.205805,40.772217],[-119.20615,40.772182],[-119.206497,40.772154],[-119.206843,40.772132],[-119.20719,40.772116],[-119.207537,40.772107],[-119.207884,40.772104]]}},{"type":"Feature","properties":{"name":"4:00","kind":"avenue"},"geometry":{"type":"LineString","coordinates":[[-119.20409,40.772484],[-119.203637,40.771198]]}},{"type":"Feature","properties":{"name":"G","kind":"annular"},"geometry":{"type":"LineString","coordinates":[[-119.197279,40.77274],[-119.197587,40.772565],[-119.197899,40.772396],[-119.198213,40.772232],[-119.198531,40.772075],[-119.198851,40.771923],[-119.199174,40.771778]]}},{"type":"Feature","properties":{"name":"3:15","kind":"path"},"geometry":{"type":"LineString","coordinates":[[-119.197279,40.77274],[-119.196664,40.772131]]}},{"type":"Feature","properties":{"name":"5:45","kind":"avenue"},"geometry":{"type":"LineString","coordinates":[[-119.218489,40.77274],[-119.219104,40.772131]]}},{"type":"Feature","properties":{"name":"G","kind":"annular"},"geometry":{"type":"LineString","coordinates":[[-119.216594,40.771778],[-119.216917,40.771923],[-119.217238,40.772075],[-119.217555,40.772232],[-119.21787,40.772396],[-119.218181,40.772565],[-119.218489,40.77274]]}},{"type":"Feature","properties":{"name":"6:00","kind":"avenue"},"geometry":{"type":"LineString","coordinates":[[-119.222091,40.772446],[-119.221632,40.772795]]}},{"type":"Feature","properties":{"name":"I","kind":"annular"},"geometry":{"type":"LineString","coordinates":[[-119.219719,40.771521],[-119.220002,40.771689],[-119.220281,40.771861],[-119.220558,40.772038],[-119.220831,40.772221],[-119.221101,40.772408],[-119.221368,40.772599],[-119.221632,40.772795]]}},{"type":"Feature","properties":{"name":"I","kind":"annular"},"geometry":{"type":"LineString","coordinates":[[-119.194137,40.772795],[-119.1944,40.772599],[-119.194667,40.772408],[-119.194937,40.772221],[-119.19521,40.772038],[-119.195487,40.771861],[-119.195766,40.771689],[-119.196049,40.771521]]}},{"type":"Feature","properties":{"name":"3:00","kind":"avenue"},"geometry":{"type":"LineString","coordinates":[[-119.194137,40.772795],[-119.193677,40.772446]]}},{"type":"Feature","properties":{"name":"4:30","kind":"avenue"},"geometry":{"type":"LineString","coordinates":[[-119.207884,40.772886],[-119.207884,40.772104]]}},{"type":"Feature","properties":{"name":"D","kind":"annular"},"geometry":{"type":"LineString","coordinates":[[-119.204357,40.773239],[-119.204705,40.773172],[-119.205055,40.773112],[-119.205406,40.773059],[-119.205759,40.773013],[-119.206111,40.772974],[-119.206465,40.772942],[-119.206819,40.772918],[-119.207174,40.7729],[-119.207529,40.77289],[-119.207884,40.772886]]}},{"type":"Feature","properties":{"name":"4:00","kind":"avenue"},"geometry":{"type":"LineString","coordinates":[[-119.204357,40.773239],[-119.20409,40.772484]]}},{"type":"Feature","properties":{"name":"5:00","kind":"avenue"},"geometry":{"type":"LineString","coordinates":[[-119.211412,40.773239],[-119.211678,40.772484]]}},{"type":"Feature","properties":{"name":"D","kind":"annular"},"geometry":{"type":"LineString","coordinates":[[-119.207884,40.772886],[-119.208239,40.77289],[-119.208594,40.7729],[-119.208949,40.772918],[-119.209303,40.772942],[-119.209657,40.772974],[-119.21001,40.773013],[-119.210362,40.773059],[-119.210713,40.773112],[-119.211063,40.773172],[-119.211412,40.773239]]}},{"type":"Feature","properties":{"name":"6:00","kind":"avenue"},"geometry":{"type":"LineString","coordinates":[[-119.221632,40.772795],[-119.220917,40.773339]]}},{"type":"Feature","properties":{"name":"H","kind":"annular"},"geometry":{"type":"LineString","coordinates":[[-119.219104,40.772131],[-119.219372,40.77229],[-119.219637,40.772453],[-119.219899,40.772621],[-119.220158,40.772794],[-119.220414,40.772971],[-119.220667,40.773153],[-119.220917,40.773339]]}},{"type":"Feature","properties":{"name":"H","kind":"annular"},"geometry":{"type":"LineString","coordinates":[[-119.194851,40.773339],[-119.195101,40.773153],[-119.195354,40.772971],[-119.19561,40.772794],[-119.195869,40.772621],[-119.196131,40.772453],[-119.196396,40.77229],[-119.196664,40.772131]]}},{"type":"Feature","properties":{"name":"3:00","kind":"avenue"},"geometry":{"type":"LineString","coordinates":[[-119.194851,40.773339],[-119.194137,40.772795]]}},{"type":"Feature","properties":{"name":"F","kind":"annular"},"geometry":{"type":"LineString","coordinates":[[-119.197895,40.77335],[-119.198185,40.773185],[-119.198478,40.773025],[-119.198774,40.772871],[-119.199073,40.772723],[-119.199375,40.772581],[-119.19968,40.772444]]}},{"type":"Feature","properties":{"name":"3:15","kind":"path"},"geometry":{"type":"LineString","coordinates":[[-119.197895,40.77335],[-119.197279,40.77274]]}},{"type":"Feature","properties":{"name":"5:45","kind":"avenue"},"geometry":{"type":"LineString","coordinates":[[-119.217873,40.77335],[-119.218489,40.77274]]}},{"type":"Feature","properties":{"name":"F","kind":"annular"},"geometry":{"type":"LineString","coordinates":[[-119.216089,40.772444],[-119.216393,40.772581],[-119.216695,40.772723],[-119.216994,40.772871],[-119.21729,40.773025],[-119.217583,40.773185],[-119.217873,40.77335]]}},{"type":"Feature","properties":{"name":"E","kind":"annular"},"geometry":{"type":"LineString","coordinates":[[-119.200555,40.773597],[-119.200866,40.773465],[-119.201179,40.773339],[-119.201495,40.773219],[-119.201812,40.773105],[-119.202132,40.772998],[-119.202454,40.772896],[-119.202778,40.772801],[-119.203104,40.772712],[-119.203431,40.77263],[-119.20376,40.772553],[-119.20409,40.772484]]}},{"type":"Feature","properties":{"name":"3:30","kind":"avenue"},"geometry":{"type":"LineString","coordinates":[[-119.200555,40.773597],[-119.19968,40.772444]]}},{"type":"Feature","properties":{"name":"5:30","kind":"avenue"},"geometry":{"type":"LineString","coordinates":[[-119.215213,40.773597],[-119.216089,40.772444]]}},{"type":"Feature","properties":{"name":"E","kind":"annular"},"geometry":{"type":"LineString","coordinates":[[-119.211678,40.772484],[-119.212008,40.772553],[-119.212337,40.77263],[-119.212664,40.772712],[-119.21299,40.772801],[-119.213314,40.772896],[-119.213636,40.772998],[-119.213956,40.773105],[-119.214274,40.773219],[-119.214589,40.773339],[-119.214903,40.773465],[-119.215213,40.773597]]}},{"type":"Feature","properties":{"name":"K","kind":"annular"},"geometry":{"type":"LineString","coordinates":[[-119.222576,40.772077],[-119.222844,40.772285],[-119.223109,40.772497],[-119.223369,40.772714],[-119.223625,40.772936],[-119.223877,40.773163],[-119.224125,40.773394],[-119.224368,40.77363]]}},{"type":"Feature","properties":{"name":"K","kind":"annular"},"geometry":{"type":"LineString","coordinates":[[-119.1914,40.77363],[-119.191643,40.773394],[-119.191891,40.773163],[-119.192143,40.772936],[-119.192399,40.772714],[-119.19266,40.772497],[-119.192924,40.772285],[-119.193192,40.772077]]}},{"type":"Feature","properties":{"name":"4:30","kind":"avenue"},"geometry":{"type":"LineString","coordinates":[[-119.207884,40.773655],[-119.207884,40.772886]]}},{"type":"Feature","properties":{"name":"6:00","kind":"avenue"},"geometry":{"type":"LineString","coordinates":[[-119.220917,40.773339],[-119.220202,40.773882]]}},{"type":"Feature","properties":{"name":"G","kind":"annular"},"geometry":{"type":"LineString","coordinates":[[-119.218489,40.77274],[-119.218784,40.772916],[-119.219075,40.773098],[-119.219363,40.773285],[-119.219647,40.773479],[-119.219926,40.773678],[-119.220202,40.773882]]}},{"type":"Feature","properties":{"name":"G","kind":"annular"},"geometry":{"type":"LineString","coordinates":[[-119.195566,40.773882],[-119.195842,40.773678],[-119.196122,40.773479],[-119.196405,40.773285],[-119.196693,40.773098],[-119.196984,40.772916],[-119.197279,40.77274]]}},{"type":"Feature","properties":{"name":"3:00","kind":"avenue"},"geometry":{"type":"LineString","coordinates":[[-119.195566,40.773882],[-119.194851,40.773339]]}},{"type":"Feature","properties":{"name":"6:15","kind":"avenue"},"geometry":{"type":"LineString","coordinates":[[-119.223824,40.773948],[-119.224368,40.77363]]}},{"type":"Feature","properties":{"name":"J","kind":"annular"},"geometry":{"type":"LineString","coordinates":[[-119.222091,40.772446],[-119.22235,40.772646],[-119.222606,40.772852],[-119.222858,40.773062],[-119.223106,40.773277],[-119.223349,40.773496],[-119.223589,40.77372],[-119.223824,40.773948]]}},{"type":"Feature","properties":{"name":"J","kind":"annular"},"geometry":{"type":"LineString","coordinates":[[-119.191944,40.773948],[-119.192179,40.77372],[-119.192419,40.773496],[-119.192663,40.773277],[-119.19291,40.773062],[-119.193162,40.772852],[-119.193418,40.772646],[-119.193677,40.772446]]}},{"type":"Feature","properties":{"name":"2:45","kind":"path"},"geometry":{"type":"LineString","coordinates":[[-119.191944,40.773948],[-119.1914,40.77363]]}},{"type":"Feature","properties":{"name":"5:00","kind":"avenue"},"geometry":{"type":"LineString","coordinates":[[-119.21115,40.773981],[-119.211412,40.773239]]}},{"type":"Feature","properties":{"name":"C","kind":"annular"},"geometry":{"type":"LineString","coordinates":[[-119.207884,40.773655],[-119.208213,40.773658],[-119.208541,40.773667],[-119.20887,40.773684],[-119.209198,40.773707],[-119.209525,40.773736],[-119.209852,40.773772],[-119.210178,40.773815],[-119.210503,40.773864],[-119.210827,40.773919],[-119.21115,40.773981]]}},{"type":"Feature","properties":{"name":"C","kind":"annular"},"geometry":{"type":"LineString","coordinates":[[-119.204618,40.773981],[-119.204941,40.773919],[-119.205265,40.773864],[-119.20559,40.773815],[-119.205916,40.773772],[-119.206243,40.773736],[-119.20657,40.773707],[-119.206898,40.773684],[-119.207227,40.773667],[-119.207555,40.773658],[-119.207884,40.773655]]}},{"type":"Feature","properties":{"name":"4:00","kind":"avenue"},"geometry":{"type":"LineString","coordinates":[[-119.204618,40.773981],[-119.204357,40.773239]]}},{"type":"Feature","properties":{"name":"6:15","kind":"avenue"},"geometry":{"type":"LineString","coordinates":[[-119.223309,40.774249],[-119.223824,40.773948]]}},{"type":"Feature","properties":{"name":"I","kind":"annular"},"geometry":{"type":"LineString","coordinates":[[-119.221632,40.772795],[-119.221883,40.772989],[-119.22213,40.773188],[-119.222374,40.773391],[-119.222613,40.773599],[-119.222849,40.773811],[-119.223081,40.774028],[-119.223309,40.774249]]}},{"type":"Feature","properties":{"name":"I","kind":"annular"},"geometry":{"type":"LineString","coordinates":[[-119.19246,40.774249],[-119.192687,40.774028],[-119.192919,40.773811],[-119.193155,40.773599],[-119.193395,40.773391],[-119.193638,40.773188],[-119.193886,40.772989],[-119.194137,40.772795]]}},{"type":"Feature","properties":{"name":"2:45","kind":"path"},"geometry":{"type":"LineString","coordinates":[[-119.19246,40.774249],[-119.191944,40.773948]]}},{"type":"Feature","properties":{"name":"5:30","kind":"avenue"},"geometry":{"type":"LineString","coordinates":[[-119.214699,40.774274],[-119.215213,40.773597]]}},{"type":"Feature","properties":{"name":"D","kind":"annular"},"geometry":{"type":"LineString","coordinates":[[-119.211412,40.773239],[-119.211719,40.773304],[-119.212024,40.773375],[-119.212329,40.773452],[-119.212632,40.773534],[-119.212933,40.773623],[-119.213232,40.773717],[-119.21353,40.773817],[-119.213825,40.773923],[-119.214119,40.774034],[-119.21441,40.774151],[-119.214699,40.774274]]}},{"type":"Feature","properties":{"name":"D","kind":"annular"},"geometry":{"type":"LineString","coordinates":[[-119.201069,40.774274],[-119.201358,40.774151],[-119.20165,40.774034],[-119.201943,40.773923],[-119.202239,40.773817],[-119.202536,40.773717],[-119.202835,40.773623],[-119.203137,40.773534],[-119.203439,40.773452],[-119.203744,40.773375],[-119.20405,40.773304],[-119.204357,40.773239]]}},{"type":"Feature","properties":{"name":"3:30","kind":"avenue"},"geometry":{"type":"LineString","coordinates":[[-119.201069,40.774274],[-119.200555,40.773597]]}},{"type":"Feature","properties":{"name":"4:30","kind":"avenue"},"geometry":{"type":"LineString","coordinates":[[-119.207884,40.774423],[-119.207884,40.773655]]}},{"type":"Feature","properties":{"name":"6:00","kind":"avenue"},"geometry":{"type":"LineString","coordinates":[[-119.220202,40.773882],[-119.219487,40.774426]]}},{"type":"Feature","properties":{"name":"F","kind":"annular"},"geometry":{"type":"LineString","coordinates":[[-119.217873,40.77335],[-119.218151,40.773516],[-119.218426,40.773687],[-119.218697,40.773863],[-119.218964,40.774046],[-119.219228,40.774233],[-119.219487,40.774426]]}},{"type":"Feature","properties":{"name":"F","kind":"annular"},"geometry":{"type":"LineString","coordinates":[[-119.196281,40.774426],[-119.196541,40.774233],[-119.196804,40.774046],[-119.197071,40.773863],[-119.197342,40.773687],[-119.197617,40.773516],[-119.197895,40.77335]]}},{"type":"Feature","properties":{"name":"3:00","kind":"avenue"},"geometry":{"type":"LineString","coordinates":[[-119.196281,40.774426],[-119.195566,40.773882]]}},{"type":"Feature","properties":{"name":"H","kind":"annular"},"geometry":{"type":"LineString","coordinates":[[-119.193261,40.774717],[-119.193477,40.774507],[-119.193697,40.774302],[-119.193921,40.774101],[-119.194148,40.773904],[-119.194379,40.773711],[-119.194613,40.773523],[-119.194851,40.773339]]}},{"type":"Feature","properties":{"name":"2:45","kind":"path"},"geometry":{"type":"LineString","coordinates":[[-119.193261,40.774717],[-119.19246,40.774249]]}},{"type":"Feature","properties":{"name":"6:15","kind":"avenue"},"geometry":{"type":"LineString","coordinates":[[-119.222507,40.774717],[-119.223309,40.774249]]}},{"type":"Feature","properties":{"name":"H","kind":"annular"},"geometry":{"type":"LineString","coordinates":[[-119.220917,40.773339],[-119.221155,40.773523],[-119.221389,40.773711],[-119.22162,40.773904],[-119.221848,40.774101],[-119.222071,40.774302],[-119.222291,40.774507],[-119.222507,40.774717]]}},{"type":"Feature","properties":{"name":"5:00","kind":"avenue"},"geometry":{"type":"LineString","coordinates":[[-119.210888,40.774724],[-119.21115,40.773981]]}},{"type":"Feature","properties":{"name":"B","kind":"annular"},"geometry":{"type":"LineString","coordinates":[[-119.207884,40.774423],[-119.208187,40.774426],[-119.208489,40.774435],[-119.208791,40.77445],[-119.209093,40.774471],[-119.209394,40.774498],[-119.209694,40.774531],[-119.209994,40.77457],[-119.210293,40.774616],[-119.210591,40.774667],[-119.210888,40.774724]]}},{"type":"Feature","properties":{"name":"B","kind":"annular"},"geometry":{"type":"LineString","coordinates":[[-119.20488,40.774724],[-119.205177,40.774667],[-119.205475,40.774616],[-119.205774,40.77457],[-119.206074,40.774531],[-119.206374,40.774498],[-119.206676,40.774471],[-119.206977,40.77445],[-119.207279,40.774435],[-119.207582,40.774426],[-119.207884,40.774423]]}},{"type":"Feature","properties":{"name":"4:00","kind":"avenue"},"geometry":{"type":"LineString","coordinates":[[-119.20488,40.774724],[-119.204618,40.773981]]}},{"type":"Feature","properties":{"name":"5:30","kind":"avenue"},"geometry":{"type":"LineString","coordinates":[[-119.214193,40.77494],[-119.214699,40.774274]]}},{"type":"Feature","properties":{"name":"C","kind":"annular"},"geometry":{"type":"LineString","coordinates":[[-119.21115,40.773981],[-119.211463,40.774048],[-119.211774,40.774121],[-119.212083,40.774201],[-119.212391,40.774287],[-119.212697,40.77438],[-119.213001,40.774479],[-119.213303,40.774585],[-119.213602,40.774697],[-119.213899,40.774815],[-119.214193,40.77494]]}},{"type":"Feature","properties":{"name":"C","kind":"annular"},"geometry":{"type":"LineString","coordinates":[[-119.201575,40.77494],[-119.201869,40.774815],[-119.202166,40.774697],[-119.202465,40.774585],[-119.202767,40.774479],[-119.203071,40.77438],[-119.203377,40.774287],[-119.203685,40.774201],[-119.203994,40.774121],[-119.204306,40.774048],[-119.204618,40.773981]]}},{"type":"Feature","properties":{"name":"3:30","kind":"avenue"},"geometry":{"type":"LineString","coordinates":[[-119.201575,40.77494],[-119.201069,40.774274]]}},{"type":"Feature","properties":{"name":"G","kind":"annular"},"geometry":{"type":"LineString","coordinates":[[-119.194063,40.775185],[-119.194267,40.774987],[-119.194475,40.774793],[-119.194686,40.774603],[-119.194901,40.774416],[-119.19512,40.774234],[-119.195341,40.774056],[-119.195566,40.773882]]}},{"type":"Feature","properties":{"name":"2:45","kind":"path"},"geometry":{"type":"LineString","coordinates":[[-119.194063,40.775185],[-119.193261,40.774717]]}},{"type":"Feature","properties":{"name":"6:15","kind":"avenue"},"geometry":{"type":"LineString","coordinates":[[-119.221705,40.775185],[-119.222507,40.774717]]}},{"type":"Feature","properties":{"name":"G","kind":"annular"},"geometry":{"type":"LineString","coordinates":[[-119.220202,40.773882],[-119.220427,40.774056],[-119.220649,40.774234],[-119.220867,40.774416],[-119.221082,40.774603],[-119.221293,40.774793],[-119.221501,40.774987],[-119.221705,40.775185]]}},{"type":"Feature","properties":{"name":"4:30","kind":"avenue"},"geometry":{"type":"LineString","coordinates":[[-119.207884,40.775192],[-119.207884,40.774423]]}},{"type":"Feature","properties":{"name":"K","kind":"annular"},"geometry":{"type":"LineString","coordinates":[[-119.224368,40.77363],[-119.224599,40.773863],[-119.224824,40.774099],[-119.225045,40.77434],[-119.225261,40.774586],[-119.225472,40.774836],[-119.225678,40.77509],[-119.225879,40.775348]]}},{"type":"Feature","properties":{"name":"K","kind":"annular"},"geometry":{"type":"LineString","coordinates":[[-119.189889,40.775348],[-119.19009,40.77509],[-119.190296,40.774836],[-119.190507,40.774586],[-119.190723,40.77434],[-119.190944,40.774099],[-119.19117,40.773863],[-119.1914,40.77363]]}},{"type":"Feature","properties":{"name":"6:00","kind":"avenue"},"geometry":{"type":"LineString","coordinates":[[-119.219487,40.774426],[-119.218249,40.775367]]}},{"type":"Feature","properties":{"name":"E","kind":"annular"},"geometry":{"type":"LineString","coordinates":[[-119.215213,40.773597],[-119.21542,40.773689],[-119.215625,40.773784],[-119.215827,40.773882],[-119.216028,40.773982],[-119.216226,40.774084],[-119.216422,40.774189],[-119.216616,40.774297],[-119.216808,40.774406],[-119.216997,40.774518],[-119.217183,40.774633],[-119.217368,40.77475],[-119.217549,40.774869],[-119.217728,40.77499],[-119.217905,40.775114],[-119.218078,40.775239],[-119.218249,40.775367]]}},{"type":"Feature","properties":{"name":"E","kind":"annular"},"geometry":{"type":"LineString","coordinates":[[-119.197519,40.775367],[-119.19769,40.775239],[-119.197864,40.775114],[-119.19804,40.77499],[-119.198219,40.774869],[-119.198401,40.77475],[-119.198585,40.774633],[-119.198771,40.774518],[-119.198961,40.774406],[-119.199152,40.774297],[-119.199346,40.774189],[-119.199542,40.774084],[-119.19974,40.773982],[-119.199941,40.773882],[-119.200144,40.773784],[-119.200348,40.773689],[-119.200555,40.773597]]}},{"type":"Feature","properties":{"name":"3:00","kind":"avenue"},"geometry":{"type":"LineString","coordinates":[[-119.197519,40.775367],[-119.196281,40.774426]]}},{"type":"Feature","properties":{"name":"C","kind":"annular"},"geometry":{"type":"LineString","coordinates":[[-119.214193,40.77494],[-119.214458,40.775059],[-119.21472,40.775184],[-119.214979,40.775314],[-119.215235,40.77545]]}},{"type":"Feature","properties":{"name":"5:00","kind":"avenue"},"geometry":{"type":"LineString","coordinates":[[-119.210627,40.775466],[-119.210888,40.774724]]}},{"type":"Feature","properties":{"name":"A","kind":"annular"},"geometry":{"type":"LineString","coordinates":[[-119.207884,40.775192],[-119.208191,40.775195],[-119.208497,40.775205],[-119.208804,40.775222],[-119.20911,40.775246],[-119.209415,40.775276],[-119.209719,40.775314],[-119.210023,40.775358],[-119.210325,40.775409],[-119.210627,40.775466]]}},{"type":"Feature","properties":{"name":"A","kind":"annular"},"geometry":{"type":"LineString","coordinates":[[-119.205141,40.775466],[-119.205443,40.775409],[-119.205745,40.775358],[-119.206049,40.775314],[-119.206353,40.775276],[-119.206659,40.775246],[-119.206964,40.775222],[-119.207271,40.775205],[-119.207577,40.775195],[-119.207884,40.775192]]}},{"type":"Feature","properties":{"name":"4:00","kind":"avenue"},"geometry":{"type":"LineString","coordinates":[[-119.205141,40.775466],[-119.20488,40.774724]]}},{"type":"Feature","properties":{"name":"B","kind":"annular"},"geometry":{"type":"LineString","coordinates":[[-119.20208,40.775605],[-119.202351,40.775491],[-119.202624,40.775382],[-119.2029,40.775279],[-119.203177,40.775181],[-119.203457,40.77509],[-119.203738,40.775005],[-119.204021,40.774926],[-119.204306,40.774852],[-119.204592,40.774785],[-119.20488,40.774724]]}},{"type":"Feature","properties":{"name":"3:30","kind":"avenue"},"geometry":{"type":"LineString","coordinates":[[-119.20208,40.775605],[-119.201575,40.77494]]}},{"type":"Feature","properties":{"name":"5:30","kind":"avenue"},"geometry":{"type":"LineString","coordinates":[[-119.213688,40.775605],[-119.214193,40.77494]]}},{"type":"Feature","properties":{"name":"B","kind":"annular"},"geometry":{"type":"LineString","coordinates":[[-119.210888,40.774724],[-119.211176,40.774785],[-119.211462,40.774852],[-119.211747,40.774926],[-119.21203,40.775005],[-119.212312,40.77509],[-119.212591,40.775181],[-119.212869,40.775279],[-119.213144,40.775382],[-119.213417,40.775491],[-119.213688,40.775605]]}},{"type":"Feature","properties":{"name":"6:30","kind":"avenue"},"geometry":{"type":"LineString","coordinates":[[-119.225285,40.775609],[-119.225879,40.775348]]}},{"type":"Feature","properties":{"name":"J","kind":"annular"},"geometry":{"type":"LineString","coordinates":[[-119.223824,40.773948],[-119.224047,40.774172],[-119.224265,40.774401],[-119.224479,40.774635],[-119.224687,40.774872],[-119.224891,40.775114],[-119.225091,40.775359],[-119.225285,40.775609]]}},{"type":"Feature","properties":{"name":"J","kind":"annular"},"geometry":{"type":"LineString","coordinates":[[-119.190483,40.775609],[-119.190678,40.775359],[-119.190877,40.775114],[-119.191081,40.774872],[-119.19129,40.774635],[-119.191503,40.774401],[-119.191721,40.774172],[-119.191944,40.773948]]}},{"type":"Feature","properties":{"name":"2:30","kind":"avenue"},"geometry":{"type":"LineString","coordinates":[[-119.190483,40.775609],[-119.189889,40.775348]]}},{"type":"Feature","properties":{"name":"6:15","kind":"avenue"},"geometry":{"type":"LineString","coordinates":[[-119.220903,40.775653],[-119.221705,40.775185]]}},{"type":"Feature","properties":{"name":"F","kind":"annular"},"geometry":{"type":"LineString","coordinates":[[-119.219487,40.774426],[-119.219734,40.774617],[-119.219977,40.774814],[-119.220215,40.775016],[-119.220449,40.775223],[-119.220678,40.775435],[-119.220903,40.775653]]}},{"type":"Feature","properties":{"name":"F","kind":"annular"},"geometry":{"type":"LineString","coordinates":[[-119.194865,40.775653],[-119.19509,40.775435],[-119.195319,40.775223],[-119.195553,40.775016],[-119.195791,40.774814],[-119.196034,40.774617],[-119.196281,40.774426]]}},{"type":"Feature","properties":{"name":"2:45","kind":"path"},"geometry":{"type":"LineString","coordinates":[[-119.194865,40.775653],[-119.194063,40.775185]]}},{"type":"Feature","properties":{"name":"6:30","kind":"avenue"},"geometry":{"type":"LineString","coordinates":[[-119.224722,40.775856],[-119.225285,40.775609]]}},{"type":"Feature","properties":{"name":"I","kind":"annular"},"geometry":{"type":"LineString","coordinates":[[-119.223309,40.774249],[-119.223524,40.774466],[-119.223735,40.774687],[-119.223942,40.774913],[-119.224144,40.775143],[-119.224341,40.775377],[-119.224534,40.775615],[-119.224722,40.775856]]}},{"type":"Feature","properties":{"name":"I","kind":"annular"},"geometry":{"type":"LineString","coordinates":[[-119.191046,40.775856],[-119.191234,40.775615],[-119.191427,40.775377],[-119.191624,40.775143],[-119.191826,40.774913],[-119.192033,40.774687],[-119.192244,40.774466],[-119.19246,40.774249]]}},{"type":"Feature","properties":{"name":"2:30","kind":"avenue"},"geometry":{"type":"LineString","coordinates":[[-119.191046,40.775856],[-119.190483,40.775609]]}},{"type":"Feature","properties":{"name":"D","kind":"annular"},"geometry":{"type":"LineString","coordinates":[[-119.198246,40.77592],[-119.198405,40.775802],[-119.198567,40.775685],[-119.198731,40.77557],[-119.198897,40.775457],[-119.199066,40.775346],[-119.199238,40.775238],[-119.199411,40.775131],[-119.199587,40.775027],[-119.199765,40.774925],[-119.199945,40.774825],[-119.200128,40.774727],[-119.200312,40.774632],[-119.200498,40.774539],[-119.200687,40.774448],[-119.200877,40.77436],[-119.201069,40.774274]]}},{"type":"Feature","properties":{"name":"3:00","kind":"avenue"},"geometry":{"type":"LineString","coordinates":[[-119.198246,40.77592],[-119.197519,40.775367]]}},{"type":"Feature","properties":{"name":"6:00","kind":"avenue"},"geometry":{"type":"LineString","coordinates":[[-119.218249,40.775367],[-119.217522,40.77592]]}},{"type":"Feature","properties":{"name":"D","kind":"annular"},"geometry":{"type":"LineString","coordinates":[[-119.214699,40.774274],[-119.214891,40.77436],[-119.215081,40.774448],[-119.21527,40.774539],[-119.215456,40.774632],[-119.215641,40.774727],[-119.215823,40.774825],[-119.216003,40.774925],[-119.216181,40.775027],[-119.216357,40.775131],[-119.216531,40.775238],[-119.216702,40.775346],[-119.216871,40.775457],[-119.217037,40.77557],[-119.217201,40.775685],[-119.217363,40.775802],[-119.217522,40.77592]]}},{"type":"Feature","properties":{"name":"Route 66"},"geometry":{"type":"LineString","coordinates":[[-119.215235,40.77545],[-119.215204,40.775484],[-119.214645,40.776074]]}},{"type":"Feature","properties":{"name":"B","kind":"annular"},"geometry":{"type":"LineString","coordinates":[[-119.213688,40.775605],[-119.213931,40.775715],[-119.214171,40.77583],[-119.214409,40.775949],[-119.214645,40.776074]]}},{"type":"Feature","properties":{"name":"6:30","kind":"avenue"},"geometry":{"type":"LineString","coordinates":[[-119.223847,40.77624],[-119.224722,40.775856]]}},{"type":"Feature","properties":{"name":"H","kind":"annular"},"geometry":{"type":"LineString","coordinates":[[-119.222507,40.774717],[-119.222711,40.774923],[-119.222911,40.775133],[-119.223107,40.775347],[-119.223299,40.775564],[-119.223486,40.775786],[-119.223668,40.776011],[-119.223847,40.77624]]}},{"type":"Feature","properties":{"name":"H","kind":"annular"},"geometry":{"type":"LineString","coordinates":[[-119.191922,40.77624],[-119.1921,40.776011],[-119.192282,40.775786],[-119.19247,40.775564],[-119.192661,40.775347],[-119.192857,40.775133],[-119.193057,40.774923],[-119.193261,40.774717]]}},{"type":"Feature","properties":{"name":"2:30","kind":"avenue"},"geometry":{"type":"LineString","coordinates":[[-119.191922,40.77624],[-119.191046,40.775856]]}},{"type":"Feature","properties":{"name":"5:30","kind":"avenue"},"geometry":{"type":"LineString","coordinates":[[-119.213183,40.776271],[-119.213688,40.775605]]}},{"type":"Feature","properties":{"name":"A","kind":"annular"},"geometry":{"type":"LineString","coordinates":[[-119.210627,40.775466],[-119.210918,40.775529],[-119.211209,40.775598],[-119.211497,40.775674],[-119.211784,40.775757],[-119.212068,40.775846],[-119.21235,40.775943],[-119.21263,40.776045],[-119.212908,40.776155],[-119.213183,40.776271]]}},{"type":"Feature","properties":{"name":"A","kind":"annular"},"geometry":{"type":"LineString","coordinates":[[-119.202586,40.776271],[-119.20286,40.776155],[-119.203138,40.776045],[-119.203418,40.775943],[-119.2037,40.775846],[-119.203985,40.775757],[-119.204271,40.775674],[-119.20456,40.775598],[-119.20485,40.775529],[-119.205141,40.775466]]}},{"type":"Feature","properties":{"name":"3:30","kind":"avenue"},"geometry":{"type":"LineString","coordinates":[[-119.202586,40.776271],[-119.20208,40.775605]]}},{"type":"Feature","properties":{"name":"4:30","kind":"avenue"},"geometry":{"type":"LineString","coordinates":[[-119.207884,40.776386],[-119.207884,40.775192]]}},{"type":"Feature","properties":{"name":"ESP","kind":"annular"},"geometry":{"type":"LineString","coordinates":[[-119.207884,40.776386],[-119.207875,40.776386]]}},{"type":"Feature","properties":{"name":"5:30","kind":"avenue"},"geometry":{"type":"LineString","coordinates":[[-119.213048,40.776448],[-119.213183,40.776271]]}},{"type":"Feature","properties":{"name":"Rods Road","kind":"center_camp"},"geometry":{"type":"LineString","coordinates":[[-119.213048,40.776448],[-119.213113,40.776357],[-119.213183,40.776271]]}},{"type":"Feature","properties":{"name":"6:00","kind":"avenue"},"geometry":{"type":"LineString","coordinates":[[-119.217522,40.77592],[-119.216807,40.776464]]}},{"type":"Feature","properties":{"name":"C","kind":"annular"},"geometry":{"type":"LineString","coordinates":[[-119.215235,40.77545],[-119.215469,40.77558],[-119.2157,40.775716],[-119.215928,40.775856],[-119.216152,40.776001],[-119.216374,40.77615],[-119.216592,40.776305],[-119.216807,40.776464]]}},{"type":"Feature","properties":{"name":"C","kind":"annular"},"geometry":{"type":"LineString","coordinates":[[-119.198961,40.776464],[-119.199108,40.776354],[-119.199258,40.776246],[-119.19941,40.776139],[-119.199564,40.776035],[-119.19972,40.775932],[-119.199879,40.775832],[-119.200039,40.775733],[-119.200202,40.775637],[-119.200367,40.775542],[-119.200534,40.77545],[-119.200703,40.775359],[-119.200874,40.775271],[-119.201046,40.775185],[-119.201221,40.775101],[-119.201397,40.775019],[-119.201575,40.77494]]}},{"type":"Feature","properties":{"name":"3:00","kind":"avenue"},"geometry":{"type":"LineString","coordinates":[[-119.198961,40.776464],[-119.198246,40.77592]]}},{"type":"Feature","properties":{"name":"5:00","kind":"avenue"},"geometry":{"type":"LineString","coordinates":[[-119.21022,40.776619],[-119.210627,40.775466]]}},{"type":"Feature","properties":{"name":"ESP","kind":"annular"},"geometry":{"type":"LineString","coordinates":[[-119.207884,40.776386],[-119.208145,40.776388],[-119.208407,40.776397],[-119.208667,40.776411],[-119.208928,40.776432],[-119.209188,40.776458],[-119.209447,40.776489],[-119.209706,40.776527],[-119.209964,40.77657],[-119.21022,40.776619]]}},{"type":"Feature","properties":{"name":"ESP","kind":"annular"},"geometry":{"type":"LineString","coordinates":[[-119.205548,40.776619],[-119.205804,40.776571],[-119.20606,40.776527],[-119.206318,40.77649],[-119.206576,40.776458],[-119.206835,40.776432],[-119.207095,40.776412],[-119.207355,40.776397],[-119.207615,40.776389],[-119.207875,40.776386]]}},{"type":"Feature","properties":{"name":"4:00","kind":"avenue"},"geometry":{"type":"LineString","coordinates":[[-119.205548,40.776619],[-119.205141,40.775466]]}},{"type":"Feature","properties":{"name":"G","kind":"annular"},"geometry":{"type":"LineString","coordinates":[[-119.192797,40.776625],[-119.192965,40.776408],[-119.193138,40.776195],[-119.193315,40.775986],[-119.193496,40.77578],[-119.193681,40.775578],[-119.19387,40.775379],[-119.194063,40.775185]]}},{"type":"Feature","properties":{"name":"2:30","kind":"avenue"},"geometry":{"type":"LineString","coordinates":[[-119.192797,40.776625],[-119.191922,40.77624]]}},{"type":"Feature","properties":{"name":"6:30","kind":"avenue"},"geometry":{"type":"LineString","coordinates":[[-119.222971,40.776625],[-119.223847,40.77624]]}},{"type":"Feature","properties":{"name":"G","kind":"annular"},"geometry":{"type":"LineString","coordinates":[[-119.221705,40.775185],[-119.221898,40.775379],[-119.222087,40.775578],[-119.222272,40.77578],[-119.222453,40.775986],[-119.22263,40.776195],[-119.222803,40.776408],[-119.222971,40.776625]]}},{"type":"Feature","properties":{"name":"Route 66"},"geometry":{"type":"LineString","coordinates":[[-119.214645,40.776074],[-119.214055,40.776698]]}},{"type":"Feature","properties":{"name":"A","kind":"annular"},"geometry":{"type":"LineString","coordinates":[[-119.213183,40.776271],[-119.213404,40.776371],[-119.213623,40.776475],[-119.21384,40.776584],[-119.214055,40.776698]]}},{"type":"Feature","properties":{"name":"6:00","kind":"avenue"},"geometry":{"type":"LineString","coordinates":[[-119.216807,40.776464],[-119.216092,40.777007]]}},{"type":"Feature","properties":{"name":"B","kind":"annular"},"geometry":{"type":"LineString","coordinates":[[-119.214645,40.776074],[-119.21486,40.776194],[-119.215073,40.776318],[-119.215282,40.776447],[-119.215489,40.776581],[-119.215693,40.776719],[-119.215894,40.776861],[-119.216092,40.777007]]}},{"type":"Feature","properties":{"name":"B","kind":"annular"},"geometry":{"type":"LineString","coordinates":[[-119.199676,40.777007],[-119.199811,40.776906],[-119.199949,40.776807],[-119.200089,40.776709],[-119.20023,40.776613],[-119.200374,40.776518],[-119.20052,40.776426],[-119.200668,40.776335],[-119.200818,40.776246],[-119.200969,40.77616],[-119.201123,40.776074],[-119.201278,40.775991],[-119.201435,40.77591],[-119.201594,40.775831],[-119.201754,40.775754],[-119.201916,40.775678],[-119.20208,40.775605]]}},{"type":"Feature","properties":{"name":"3:00","kind":"avenue"},"geometry":{"type":"LineString","coordinates":[[-119.199676,40.777007],[-119.198961,40.776464]]}},{"type":"Feature","properties":{"name":"6:30","kind":"avenue"},"geometry":{"type":"LineString","coordinates":[[-119.222096,40.777009],[-119.222971,40.776625]]}},{"type":"Feature","properties":{"name":"F","kind":"annular"},"geometry":{"type":"LineString","coordinates":[[-119.220903,40.775653],[-119.221115,40.775867],[-119.221322,40.776086],[-119.221523,40.77631],[-119.221719,40.776539],[-119.22191,40.776772],[-119.222096,40.777009]]}},{"type":"Feature","properties":{"name":"F","kind":"annular"},"geometry":{"type":"LineString","coordinates":[[-119.193672,40.777009],[-119.193858,40.776772],[-119.194049,40.776539],[-119.194245,40.77631],[-119.194447,40.776086],[-119.194653,40.775867],[-119.194865,40.775653]]}},{"type":"Feature","properties":{"name":"2:30","kind":"avenue"},"geometry":{"type":"LineString","coordinates":[[-119.193672,40.777009],[-119.192797,40.776625]]}},{"type":"Feature","properties":{"name":"K","kind":"annular"},"geometry":{"type":"LineString","coordinates":[[-119.225879,40.775348],[-119.226067,40.775601],[-119.226251,40.775859],[-119.226428,40.77612],[-119.2266,40.776385],[-119.226767,40.776653],[-119.226927,40.776926],[-119.227081,40.777201]]}},{"type":"Feature","properties":{"name":"K","kind":"annular"},"geometry":{"type":"LineString","coordinates":[[-119.188687,40.777201],[-119.188841,40.776926],[-119.189002,40.776653],[-119.189168,40.776385],[-119.18934,40.77612],[-119.189517,40.775859],[-119.189701,40.775601],[-119.189889,40.775348]]}},{"type":"Feature","properties":{"name":"5:30","kind":"avenue"},"geometry":{"type":"LineString","coordinates":[[-119.212397,40.777305],[-119.213048,40.776448]]}},{"type":"Feature","properties":{"name":"ESP","kind":"annular"},"geometry":{"type":"LineString","coordinates":[[-119.21022,40.776619],[-119.210469,40.776673],[-119.210716,40.776732],[-119.210962,40.776796],[-119.211206,40.776867],[-119.211448,40.776943],[-119.211688,40.777025],[-119.211927,40.777113],[-119.212163,40.777206],[-119.212397,40.777305]]}},{"type":"Feature","properties":{"name":"ESP","kind":"annular"},"geometry":{"type":"LineString","coordinates":[[-119.203371,40.777305],[-119.203605,40.777206],[-119.203841,40.777113],[-119.20408,40.777025],[-119.20432,40.776943],[-119.204563,40.776867],[-119.204807,40.776796],[-119.205052,40.776732],[-119.205299,40.776673],[-119.205548,40.776619]]}},{"type":"Feature","properties":{"name":"3:30","kind":"avenue"},"geometry":{"type":"LineString","coordinates":[[-119.203371,40.777305],[-119.202586,40.776271]]}},{"type":"Feature","properties":{"name":"6:45","kind":"path"},"geometry":{"type":"LineString","coordinates":[[-119.226448,40.777401],[-119.227081,40.777201]]}},{"type":"Feature","properties":{"name":"J","kind":"annular"},"geometry":{"type":"LineString","coordinates":[[-119.225285,40.775609],[-119.225467,40.775854],[-119.225644,40.776103],[-119.225816,40.776355],[-119.225982,40.776611],[-119.226143,40.776871],[-119.226298,40.777134],[-119.226448,40.777401]]}},{"type":"Feature","properties":{"name":"Rods Road","kind":"center_camp"},"geometry":{"type":"LineString","coordinates":[[-119.212737,40.777462],[-119.212737,40.777396],[-119.21274,40.77733],[-119.212745,40.777265],[-119.212752,40.777199],[-119.212763,40.777134],[-119.212776,40.777069],[-119.212792,40.777004],[-119.21281,40.77694],[-119.212831,40.776876],[-119.212855,40.776813],[-119.212881,40.77675],[-119.212909,40.776688],[-119.21294,40.776627],[-119.212974,40.776566],[-119.21301,40.776506],[-119.213048,40.776448]]}},{"type":"Feature","properties":{"name":"ESP","kind":"annular"},"geometry":{"type":"LineString","coordinates":[[-119.212397,40.777305],[-119.212568,40.777382],[-119.212737,40.777462]]}},{"type":"Feature","properties":{"name":"6:00","kind":"avenue"},"geometry":{"type":"LineString","coordinates":[[-119.216092,40.777007],[-119.215377,40.777551]]}},{"type":"Feature","properties":{"name":"A","kind":"annular"},"geometry":{"type":"LineString","coordinates":[[-119.214055,40.776698],[-119.214284,40.776826],[-119.21451,40.77696],[-119.214732,40.777099],[-119.214951,40.777245],[-119.215166,40.777395],[-119.215377,40.777551]]}},{"type":"Feature","properties":{"name":"A","kind":"annular"},"geometry":{"type":"LineString","coordinates":[[-119.200391,40.777551],[-119.200596,40.7774],[-119.200805,40.777254],[-119.201017,40.777113],[-119.201232,40.776977],[-119.20145,40.776846],[-119.201672,40.77672],[-119.201896,40.7766],[-119.202123,40.776485],[-119.202353,40.776375],[-119.202586,40.776271]]}},{"type":"Feature","properties":{"name":"3:00","kind":"avenue"},"geometry":{"type":"LineString","coordinates":[[-119.200391,40.777551],[-119.199676,40.777007]]}},{"type":"Feature","properties":{"name":"I","kind":"annular"},"geometry":{"type":"LineString","coordinates":[[-119.189921,40.77759],[-119.190065,40.777332],[-119.190216,40.777077],[-119.190371,40.776826],[-119.190532,40.776578],[-119.190698,40.776334],[-119.19087,40.776093],[-119.191046,40.775856]]}},{"type":"Feature","properties":{"name":"2:15","kind":"path"},"geometry":{"type":"LineString","coordinates":[[-119.189921,40.77759],[-119.188687,40.777201]]}},{"type":"Feature","properties":{"name":"6:45","kind":"path"},"geometry":{"type":"LineString","coordinates":[[-119.225847,40.77759],[-119.226448,40.777401]]}},{"type":"Feature","properties":{"name":"I","kind":"annular"},"geometry":{"type":"LineString","coordinates":[[-119.224722,40.775856],[-119.224899,40.776093],[-119.22507,40.776334],[-119.225236,40.776578],[-119.225397,40.776826],[-119.225553,40.777077],[-119.225703,40.777332],[-119.225847,40.77759]]}},{"type":"Feature","properties":{"name":"C","kind":"annular"},"geometry":{"type":"LineString","coordinates":[[-119.216807,40.776464],[-119.217009,40.776621],[-119.217208,40.776783],[-119.217403,40.776949],[-119.217593,40.77712],[-119.21778,40.777295],[-119.217963,40.777475],[-119.218141,40.777659]]}},{"type":"Feature","properties":{"name":"6:30","kind":"avenue"},"geometry":{"type":"LineString","coordinates":[[-119.220579,40.777675],[-119.222096,40.777009]]}},{"type":"Feature","properties":{"name":"E","kind":"annular"},"geometry":{"type":"LineString","coordinates":[[-119.218249,40.775367],[-119.218418,40.775497],[-119.218583,40.775629],[-119.218746,40.775763],[-119.218905,40.775899],[-119.219062,40.776038],[-119.219216,40.776177],[-119.219366,40.776319],[-119.219514,40.776463],[-119.219658,40.776609],[-119.2198,40.776756],[-119.219938,40.776905],[-119.220073,40.777056],[-119.220204,40.777208],[-119.220333,40.777362],[-119.220458,40.777518],[-119.220579,40.777675]]}},{"type":"Feature","properties":{"name":"E","kind":"annular"},"geometry":{"type":"LineString","coordinates":[[-119.195189,40.777675],[-119.195311,40.777518],[-119.195436,40.777362],[-119.195564,40.777208],[-119.195696,40.777056],[-119.19583,40.776905],[-119.195969,40.776756],[-119.19611,40.776609],[-119.196254,40.776463],[-119.196402,40.776319],[-119.196553,40.776177],[-119.196706,40.776038],[-119.196863,40.775899],[-119.197023,40.775763],[-119.197185,40.775629],[-119.197351,40.775497],[-119.197519,40.775367]]}},{"type":"Feature","properties":{"name":"2:30","kind":"avenue"},"geometry":{"type":"LineString","coordinates":[[-119.195189,40.777675],[-119.193672,40.777009]]}},{"type":"Feature","properties":{"name":"6:45","kind":"path"},"geometry":{"type":"LineString","coordinates":[[-119.224913,40.777884],[-119.225847,40.77759]]}},{"type":"Feature","properties":{"name":"H","kind":"annular"},"geometry":{"type":"LineString","coordinates":[[-119.223847,40.77624],[-119.224014,40.776465],[-119.224176,40.776693],[-119.224334,40.776925],[-119.224487,40.77716],[-119.224634,40.777398],[-119.224776,40.77764],[-119.224913,40.777884]]}},{"type":"Feature","properties":{"name":"H","kind":"annular"},"geometry":{"type":"LineString","coordinates":[[-119.190855,40.777884],[-119.190992,40.77764],[-119.191134,40.777398],[-119.191282,40.77716],[-119.191434,40.776925],[-119.191592,40.776693],[-119.191754,40.776465],[-119.191922,40.77624]]}},{"type":"Feature","properties":{"name":"2:15","kind":"path"},"geometry":{"type":"LineString","coordinates":[[-119.190855,40.777884],[-119.189921,40.77759]]}},{"type":"Feature","properties":{"name":"6:30","kind":"avenue"},"geometry":{"type":"LineString","coordinates":[[-119.219688,40.778066],[-119.220579,40.777675]]}},{"type":"Feature","properties":{"name":"D","kind":"annular"},"geometry":{"type":"LineString","coordinates":[[-119.217522,40.77592],[-119.217678,40.776041],[-119.217832,40.776164],[-119.217983,40.776289],[-119.218132,40.776415],[-119.218277,40.776544],[-119.21842,40.776674],[-119.21856,40.776806],[-119.218698,40.776939],[-119.218832,40.777075],[-119.218963,40.777212],[-119.219092,40.77735],[-119.219217,40.77749],[-119.21934,40.777632],[-119.219459,40.777775],[-119.219575,40.77792],[-119.219688,40.778066]]}},{"type":"Feature","properties":{"name":"D","kind":"annular"},"geometry":{"type":"LineString","coordinates":[[-119.19608,40.778066],[-119.196193,40.77792],[-119.196309,40.777775],[-119.196429,40.777632],[-119.196551,40.77749],[-119.196677,40.77735],[-119.196805,40.777212],[-119.196936,40.777075],[-119.197071,40.776939],[-119.197208,40.776806],[-119.197348,40.776674],[-119.197491,40.776544],[-119.197637,40.776415],[-119.197785,40.776289],[-119.197936,40.776164],[-119.19809,40.776041],[-119.198246,40.77592]]}},{"type":"Feature","properties":{"name":"2:30","kind":"avenue"},"geometry":{"type":"LineString","coordinates":[[-119.19608,40.778066],[-119.195189,40.777675]]}},{"type":"Feature","properties":{"name":"Route 66"},"geometry":{"type":"LineString","coordinates":[[-119.21732,40.778108],[-119.218097,40.777683],[-119.218141,40.777659]]}},{"type":"Feature","properties":{"name":"B","kind":"annular"},"geometry":{"type":"LineString","coordinates":[[-119.216092,40.777007],[-119.216279,40.777152],[-119.216461,40.777301],[-119.216641,40.777454],[-119.216816,40.777611],[-119.216988,40.777773],[-119.217156,40.777938],[-119.21732,40.778108]]}},{"type":"Feature","properties":{"name":"G","kind":"annular"},"geometry":{"type":"LineString","coordinates":[[-119.191789,40.778178],[-119.191918,40.777947],[-119.192053,40.777719],[-119.192192,40.777494],[-119.192336,40.777272],[-119.192485,40.777053],[-119.192639,40.776837],[-119.192797,40.776625]]}},{"type":"Feature","properties":{"name":"2:15","kind":"path"},"geometry":{"type":"LineString","coordinates":[[-119.191789,40.778178],[-119.190855,40.777884]]}},{"type":"Feature","properties":{"name":"6:45","kind":"path"},"geometry":{"type":"LineString","coordinates":[[-119.223979,40.778178],[-119.224913,40.777884]]}},{"type":"Feature","properties":{"name":"G","kind":"annular"},"geometry":{"type":"LineString","coordinates":[[-119.222971,40.776625],[-119.223129,40.776837],[-119.223283,40.777053],[-119.223432,40.777272],[-119.223576,40.777494],[-119.223715,40.777719],[-119.22385,40.777947],[-119.223979,40.778178]]}},{"type":"Feature","properties":{"name":"6:00","kind":"avenue"},"geometry":{"type":"LineString","coordinates":[[-119.215377,40.777551],[-119.21429,40.778378]]}},{"type":"Feature","properties":{"name":"Route 66"},"geometry":{"type":"LineString","coordinates":[[-119.214055,40.776698],[-119.214015,40.776747],[-119.213979,40.776796],[-119.213945,40.776847],[-119.213914,40.776899],[-119.213886,40.776952],[-119.213861,40.777006],[-119.213839,40.777061],[-119.21382,40.777116],[-119.213804,40.777172],[-119.213792,40.777228],[-119.213782,40.777285],[-119.213776,40.777342],[-119.213772,40.777399],[-119.213772,40.777456],[-119.213776,40.777513],[-119.213782,40.777569],[-119.213792,40.777626],[-119.213804,40.777682],[-119.21382,40.777738],[-119.213839,40.777793],[-119.213861,40.777848],[-119.213886,40.777902],[-119.213914,40.777955],[-119.213945,40.778007],[-119.213979,40.778058],[-119.214015,40.778107],[-119.214055,40.778156],[-119.214097,40.778203],[-119.214141,40.778249],[-119.214189,40.778294],[-119.214238,40.778336],[-119.21429,40.778378]]}},{"type":"Feature","properties":{"name":"ESP","kind":"annular"},"geometry":{"type":"LineString","coordinates":[[-119.201501,40.778395],[-119.201696,40.778253],[-119.201894,40.778115],[-119.202095,40.777983],[-119.2023,40.777856],[-119.202508,40.777735],[-119.20272,40.777619],[-119.202934,40.777509],[-119.203151,40.777404],[-119.203371,40.777305]]}},{"type":"Feature","properties":{"name":"3:00","kind":"avenue"},"geometry":{"type":"LineString","coordinates":[[-119.201501,40.778395],[-119.200391,40.777551]]}},{"type":"Feature","properties":{"name":"6:30","kind":"avenue"},"geometry":{"type":"LineString","coordinates":[[-119.218813,40.778451],[-119.219688,40.778066]]}},{"type":"Feature","properties":{"name":"C","kind":"annular"},"geometry":{"type":"LineString","coordinates":[[-119.218141,40.777659],[-119.218317,40.77785],[-119.218487,40.778046],[-119.218653,40.778246],[-119.218813,40.778451]]}},{"type":"Feature","properties":{"name":"C","kind":"annular"},"geometry":{"type":"LineString","coordinates":[[-119.196955,40.778451],[-119.19706,40.778315],[-119.197168,40.778181],[-119.197278,40.778049],[-119.197392,40.777918],[-119.197508,40.777788],[-119.197627,40.777659],[-119.197748,40.777533],[-119.197873,40.777407],[-119.198,40.777284],[-119.198129,40.777161],[-119.198262,40.777041],[-119.198397,40.776922],[-119.198534,40.776805],[-119.198674,40.77669],[-119.198816,40.776576],[-119.198961,40.776464]]}},{"type":"Feature","properties":{"name":"2:30","kind":"avenue"},"geometry":{"type":"LineString","coordinates":[[-119.196955,40.778451],[-119.19608,40.778066]]}},{"type":"Feature","properties":{"name":"6:45","kind":"path"},"geometry":{"type":"LineString","coordinates":[[-119.223045,40.778473],[-119.223979,40.778178]]}},{"type":"Feature","properties":{"name":"F","kind":"annular"},"geometry":{"type":"LineString","coordinates":[[-119.222096,40.777009],[-119.222245,40.777209],[-119.222389,40.777412],[-119.22253,40.777619],[-119.222665,40.777828],[-119.222797,40.77804],[-119.222923,40.778255],[-119.223045,40.778473]]}},{"type":"Feature","properties":{"name":"F","kind":"annular"},"geometry":{"type":"LineString","coordinates":[[-119.192723,40.778473],[-119.192845,40.778255],[-119.192971,40.77804],[-119.193103,40.777828],[-119.193238,40.777619],[-119.193379,40.777412],[-119.193523,40.777209],[-119.193672,40.777009]]}},{"type":"Feature","properties":{"name":"2:15","kind":"path"},"geometry":{"type":"LineString","coordinates":[[-119.192723,40.778473],[-119.191789,40.778178]]}},{"type":"Feature","properties":{"name":"Route 66"},"geometry":{"type":"LineString","coordinates":[[-119.2165,40.778556],[-119.21732,40.778108]]}},{"type":"Feature","properties":{"name":"A","kind":"annular"},"geometry":{"type":"LineString","coordinates":[[-119.215377,40.777551],[-119.215576,40.777705],[-119.21577,40.777865],[-119.215959,40.77803],[-119.216144,40.778201],[-119.216324,40.778376],[-119.2165,40.778556]]}},{"type":"Feature","properties":{"name":"Route 66"},"geometry":{"type":"LineString","coordinates":[[-119.21429,40.778378],[-119.214344,40.778417],[-119.214401,40.778455],[-119.214459,40.778491],[-119.214519,40.778525],[-119.214582,40.778557],[-119.214646,40.778586],[-119.214711,40.778614],[-119.214778,40.77864],[-119.214847,40.778664],[-119.214916,40.778685],[-119.214987,40.778704],[-119.215059,40.77872],[-119.215131,40.778735],[-119.215205,40.778747],[-119.215279,40.778757],[-119.215353,40.778764],[-119.215428,40.778769],[-119.215503,40.778771],[-119.215578,40.778771],[-119.215653,40.778769],[-119.215728,40.778764],[-119.215802,40.778756],[-119.215876,40.778747],[-119.21595,40.778735],[-119.216022,40.77872],[-119.216094,40.778704],[-119.216165,40.778685],[-119.216235,40.778663],[-119.216303,40.77864],[-119.21637,40.778614],[-119.216436,40.778586],[-119.2165,40.778556]]}},{"type":"Feature","properties":{"name":"6:30","kind":"avenue"},"geometry":{"type":"LineString","coordinates":[[-119.217937,40.778835],[-119.218813,40.778451]]}},{"type":"Feature","properties":{"name":"B","kind":"annular"},"geometry":{"type":"LineString","coordinates":[[-119.21732,40.778108],[-119.217482,40.778283],[-119.217638,40.778463],[-119.21779,40.778647],[-119.217937,40.778835]]}},{"type":"Feature","properties":{"name":"B","kind":"annular"},"geometry":{"type":"LineString","coordinates":[[-119.197831,40.778835],[-119.197927,40.77871],[-119.198026,40.778587],[-119.198128,40.778465],[-119.198232,40.778345],[-119.198339,40.778225],[-119.198448,40.778107],[-119.19856,40.77799],[-119.198675,40.777875],[-119.198792,40.777761],[-119.198911,40.777649],[-119.199033,40.777538],[-119.199157,40.777429],[-119.199283,40.777321],[-119.199412,40.777215],[-119.199543,40.77711],[-119.199676,40.777007]]}},{"type":"Feature","properties":{"name":"2:30","kind":"avenue"},"geometry":{"type":"LineString","coordinates":[[-119.197831,40.778835],[-119.196955,40.778451]]}},{"type":"Feature","properties":{"name":"6:00","kind":"avenue"},"geometry":{"type":"LineString","coordinates":[[-119.21429,40.778378],[-119.213559,40.778933]]}},{"type":"Feature","properties":{"name":"Rods Road","kind":"center_camp"},"geometry":{"type":"LineString","coordinates":[[-119.213559,40.778933],[-119.213466,40.778859],[-119.213378,40.778782],[-119.213295,40.778701],[-119.213217,40.778618],[-119.213144,40.778532],[-119.213077,40.778443],[-119.213015,40.778352],[-119.21296,40.778258],[-119.21291,40.778163],[-119.212867,40.778066],[-119.212829,40.777968],[-119.212798,40.777868],[-119.212773,40.777767],[-119.212755,40.777666],[-119.212743,40.777564],[-119.212737,40.777462]]}},{"type":"Feature","properties":{"name":"K","kind":"annular"},"geometry":{"type":"LineString","coordinates":[[-119.227081,40.777201],[-119.227225,40.777472],[-119.227363,40.777745],[-119.227494,40.778022],[-119.227619,40.778302],[-119.227738,40.778585],[-119.22785,40.77887],[-119.227956,40.779157]]}},{"type":"Feature","properties":{"name":"K","kind":"annular"},"geometry":{"type":"LineString","coordinates":[[-119.187812,40.779157],[-119.187918,40.77887],[-119.18803,40.778585],[-119.188149,40.778302],[-119.188274,40.778022],[-119.188405,40.777745],[-119.188543,40.777472],[-119.188687,40.777201]]}},{"type":"Feature","properties":{"name":"6:30","kind":"avenue"},"geometry":{"type":"LineString","coordinates":[[-119.217062,40.779219],[-119.217937,40.778835]]}},{"type":"Feature","properties":{"name":"A","kind":"annular"},"geometry":{"type":"LineString","coordinates":[[-119.2165,40.778556],[-119.216647,40.778716],[-119.216789,40.77888],[-119.216928,40.779048],[-119.217062,40.779219]]}},{"type":"Feature","properties":{"name":"A","kind":"annular"},"geometry":{"type":"LineString","coordinates":[[-119.198706,40.779219],[-119.198794,40.779106],[-119.198885,40.778993],[-119.198978,40.778882],[-119.199073,40.778772],[-119.19917,40.778663],[-119.19927,40.778555],[-119.199372,40.778448],[-119.199477,40.778343],[-119.199583,40.778239],[-119.199692,40.778137],[-119.199803,40.778035],[-119.199917,40.777936],[-119.200032,40.777837],[-119.20015,40.77774],[-119.200269,40.777645],[-119.200391,40.777551]]}},{"type":"Feature","properties":{"name":"2:30","kind":"avenue"},"geometry":{"type":"LineString","coordinates":[[-119.198706,40.779219],[-119.197831,40.778835]]}},{"type":"Feature","properties":{"name":"7:00","kind":"avenue"},"geometry":{"type":"LineString","coordinates":[[-119.227293,40.779293],[-119.227956,40.779157]]}},{"type":"Feature","properties":{"name":"J","kind":"annular"},"geometry":{"type":"LineString","coordinates":[[-119.226448,40.777401],[-119.226587,40.777662],[-119.22672,40.777927],[-119.226847,40.778195],[-119.226968,40.778465],[-119.227083,40.778739],[-119.227191,40.779014],[-119.227293,40.779293]]}},{"type":"Feature","properties":{"name":"Rods Road","kind":"center_camp"},"geometry":{"type":"LineString","coordinates":[[-119.217062,40.779219],[-119.216947,40.779273],[-119.216829,40.779321]]}},{"type":"Feature","properties":{"name":"6:30","kind":"avenue"},"geometry":{"type":"LineString","coordinates":[[-119.216829,40.779321],[-119.217062,40.779219]]}},{"type":"Feature","properties":{"name":"I","kind":"annular"},"geometry":{"type":"LineString","coordinates":[[-119.189103,40.77942],[-119.189202,40.779151],[-119.189307,40.778884],[-119.189417,40.77862],[-119.189534,40.778358],[-119.189657,40.778099],[-119.189786,40.777843],[-119.189921,40.77759]]}},{"type":"Feature","properties":{"name":"2:00","kind":"avenue"},"geometry":{"type":"LineString","coordinates":[[-119.189103,40.77942],[-119.187812,40.779157]]}},{"type":"Feature","properties":{"name":"7:00","kind":"avenue"},"geometry":{"type":"LineString","coordinates":[[-119.226665,40.77942],[-119.227293,40.779293]]}},{"type":"Feature","properties":{"name":"I","kind":"annular"},"geometry":{"type":"LineString","coordinates":[[-119.225847,40.77759],[-119.225982,40.777843],[-119.226111,40.778099],[-119.226234,40.778358],[-119.226351,40.77862],[-119.226462,40.778884],[-119.226567,40.779151],[-119.226665,40.77942]]}},{"type":"Feature","properties":{"name":"Rods Road","kind":"center_camp"},"geometry":{"type":"LineString","coordinates":[[-119.215495,40.779558],[-119.215361,40.779554],[-119.215226,40.779545],[-119.215093,40.779531],[-119.214961,40.779512],[-119.214829,40.779488],[-119.2147,40.77946],[-119.214573,40.779427],[-119.214447,40.779389],[-119.214325,40.779347],[-119.214205,40.7793],[-119.214088,40.779249],[-119.213974,40.779194],[-119.213864,40.779134],[-119.213758,40.779071],[-119.213656,40.779004],[-119.213559,40.778933]]}},{"type":"Feature","properties":{"name":"Rods Road","kind":"center_camp"},"geometry":{"type":"LineString","coordinates":[[-119.216829,40.779321],[-119.216687,40.779373],[-119.216542,40.779418],[-119.216396,40.779457],[-119.216248,40.77949],[-119.216099,40.779517],[-119.215949,40.779537],[-119.215798,40.77955],[-119.215647,40.779557],[-119.215495,40.779558]]}},{"type":"Feature","properties":{"name":"H","kind":"annular"},"geometry":{"type":"LineString","coordinates":[[-119.190079,40.77962],[-119.190173,40.779364],[-119.190272,40.779111],[-119.190378,40.778861],[-119.190489,40.778613],[-119.190605,40.778367],[-119.190727,40.778124],[-119.190855,40.777884]]}},{"type":"Feature","properties":{"name":"2:00","kind":"avenue"},"geometry":{"type":"LineString","coordinates":[[-119.190079,40.77962],[-119.189103,40.77942]]}},{"type":"Feature","properties":{"name":"7:00","kind":"avenue"},"geometry":{"type":"LineString","coordinates":[[-119.225689,40.77962],[-119.226665,40.77942]]}},{"type":"Feature","properties":{"name":"H","kind":"annular"},"geometry":{"type":"LineString","coordinates":[[-119.224913,40.777884],[-119.225041,40.778124],[-119.225163,40.778367],[-119.22528,40.778613],[-119.225391,40.778861],[-119.225496,40.779111],[-119.225595,40.779364],[-119.225689,40.77962]]}},{"type":"Feature","properties":{"name":"6:30","kind":"avenue"},"geometry":{"type":"LineString","coordinates":[[-119.215702,40.779816],[-119.216829,40.779321]]}},{"type":"Feature","properties":{"name":"ESP","kind":"annular"},"geometry":{"type":"LineString","coordinates":[[-119.215495,40.779558],[-119.2156,40.779686],[-119.215702,40.779816]]}},{"type":"Feature","properties":{"name":"ESP","kind":"annular"},"geometry":{"type":"LineString","coordinates":[[-119.200067,40.779816],[-119.200141,40.77972],[-119.200218,40.779624],[-119.200298,40.779529],[-119.200379,40.779435],[-119.200462,40.779342],[-119.200547,40.77925],[-119.200634,40.77916],[-119.200723,40.77907],[-119.200814,40.778982],[-119.200906,40.778894],[-119.201001,40.778808],[-119.201097,40.778723],[-119.201196,40.778639],[-119.201296,40.778557],[-119.201398,40.778475],[-119.201501,40.778395]]}},{"type":"Feature","properties":{"name":"2:30","kind":"avenue"},"geometry":{"type":"LineString","coordinates":[[-119.200067,40.779816],[-119.198706,40.779219]]}},{"type":"Feature","properties":{"name":"G","kind":"annular"},"geometry":{"type":"LineString","coordinates":[[-119.191056,40.779819],[-119.191144,40.779577],[-119.191238,40.779338],[-119.191338,40.779101],[-119.191443,40.778867],[-119.191553,40.778635],[-119.191668,40.778405],[-119.191789,40.778178]]}},{"type":"Feature","properties":{"name":"2:00","kind":"avenue"},"geometry":{"type":"LineString","coordinates":[[-119.191056,40.779819],[-119.190079,40.77962]]}},{"type":"Feature","properties":{"name":"7:00","kind":"avenue"},"geometry":{"type":"LineString","coordinates":[[-119.224712,40.779819],[-119.225689,40.77962]]}},{"type":"Feature","properties":{"name":"G","kind":"annular"},"geometry":{"type":"LineString","coordinates":[[-119.223979,40.778178],[-119.2241,40.778405],[-119.224215,40.778635],[-119.224326,40.778867],[-119.22443,40.779101],[-119.22453,40.779338],[-119.224624,40.779577],[-119.224712,40.779819]]}},{"type":"Feature","properties":{"name":"F","kind":"annular"},"geometry":{"type":"LineString","coordinates":[[-119.192032,40.780018],[-119.192116,40.77979],[-119.192204,40.779565],[-119.192298,40.779342],[-119.192397,40.779121],[-119.1925,40.778902],[-119.192609,40.778686],[-119.192723,40.778473]]}},{"type":"Feature","properties":{"name":"2:00","kind":"avenue"},"geometry":{"type":"LineString","coordinates":[[-119.192032,40.780018],[-119.191056,40.779819]]}},{"type":"Feature","properties":{"name":"7:00","kind":"avenue"},"geometry":{"type":"LineString","coordinates":[[-119.223736,40.780018],[-119.224712,40.779819]]}},{"type":"Feature","properties":{"name":"F","kind":"annular"},"geometry":{"type":"LineString","coordinates":[[-119.223045,40.778473],[-119.223159,40.778686],[-119.223268,40.778902],[-119.223372,40.779121],[-119.22347,40.779342],[-119.223564,40.779565],[-119.223652,40.77979],[-119.223736,40.780018]]}},{"type":"Feature","properties":{"name":"E","kind":"annular"},"geometry":{"type":"LineString","coordinates":[[-119.193724,40.780362],[-119.193788,40.780187],[-119.193856,40.780012],[-119.193927,40.779838],[-119.194002,40.779665],[-119.194081,40.779492],[-119.194164,40.779321],[-119.194251,40.779151],[-119.194341,40.778982],[-119.194434,40.778814],[-119.194531,40.778648],[-119.194632,40.778482],[-119.194737,40.778318],[-119.194844,40.778155],[-119.194956,40.777994],[-119.195071,40.777834],[-119.195189,40.777675]]}},{"type":"Feature","properties":{"name":"2:00","kind":"avenue"},"geometry":{"type":"LineString","coordinates":[[-119.193724,40.780362],[-119.192032,40.780018]]}},{"type":"Feature","properties":{"name":"7:00","kind":"avenue"},"geometry":{"type":"LineString","coordinates":[[-119.222044,40.780362],[-119.223736,40.780018]]}},{"type":"Feature","properties":{"name":"E","kind":"annular"},"geometry":{"type":"LineString","coordinates":[[-119.220579,40.777675],[-119.220698,40.777834],[-119.220812,40.777994],[-119.220924,40.778155],[-119.221032,40.778318],[-119.221136,40.778482],[-119.221237,40.778648],[-119.221334,40.778814],[-119.221428,40.778982],[-119.221518,40.779151],[-119.221604,40.779321],[-119.221687,40.779492],[-119.221766,40.779665],[-119.221841,40.779838],[-119.221913,40.780012],[-119.22198,40.780187],[-119.222044,40.780362]]}},{"type":"Feature","properties":{"name":"D","kind":"annular"},"geometry":{"type":"LineString","coordinates":[[-119.194718,40.780565],[-119.194777,40.780402],[-119.19484,40.780239],[-119.194907,40.780077],[-119.194977,40.779916],[-119.19505,40.779756],[-119.195127,40.779597],[-119.195207,40.779439],[-119.195291,40.779282],[-119.195378,40.779126],[-119.195469,40.778971],[-119.195562,40.778817],[-119.195659,40.778664],[-119.19576,40.778513],[-119.195863,40.778363],[-119.19597,40.778214],[-119.19608,40.778066]]}},{"type":"Feature","properties":{"name":"2:00","kind":"avenue"},"geometry":{"type":"LineString","coordinates":[[-119.194718,40.780565],[-119.193724,40.780362]]}},{"type":"Feature","properties":{"name":"7:00","kind":"avenue"},"geometry":{"type":"LineString","coordinates":[[-119.22105,40.780565],[-119.222044,40.780362]]}},{"type":"Feature","properties":{"name":"D","kind":"annular"},"geometry":{"type":"LineString","coordinates":[[-119.219688,40.778066],[-119.219798,40.778214],[-119.219905,40.778363],[-119.220008,40.778513],[-119.220109,40.778664],[-119.220206,40.778817],[-119.2203,40.778971],[-119.22039,40.779126],[-119.220477,40.779282],[-119.220561,40.779439],[-119.220641,40.779597],[-119.220718,40.779756],[-119.220791,40.779916],[-119.220861,40.780077],[-119.220928,40.780239],[-119.220991,40.780402],[-119.22105,40.780565]]}},{"type":"Feature","properties":{"name":"C","kind":"annular"},"geometry":{"type":"LineString","coordinates":[[-119.195694,40.780764],[-119.195749,40.780613],[-119.195808,40.780462],[-119.195869,40.780312],[-119.195934,40.780163],[-119.196002,40.780015],[-119.196073,40.779868],[-119.196148,40.779721],[-119.196225,40.779576],[-119.196306,40.779431],[-119.196389,40.779288],[-119.196476,40.779145],[-119.196566,40.779004],[-119.196659,40.778864],[-119.196755,40.778725],[-119.196854,40.778587],[-119.196955,40.778451]]}},{"type":"Feature","properties":{"name":"2:00","kind":"avenue"},"geometry":{"type":"LineString","coordinates":[[-119.195694,40.780764],[-119.194718,40.780565]]}},{"type":"Feature","properties":{"name":"7:00","kind":"avenue"},"geometry":{"type":"LineString","coordinates":[[-119.220074,40.780764],[-119.22105,40.780565]]}},{"type":"Feature","properties":{"name":"C","kind":"annular"},"geometry":{"type":"LineString","coordinates":[[-119.218813,40.778451],[-119.218915,40.778587],[-119.219013,40.778725],[-119.219109,40.778864],[-119.219202,40.779004],[-119.219292,40.779145],[-119.219379,40.779288],[-119.219462,40.779431],[-119.219543,40.779576],[-119.219621,40.779721],[-119.219695,40.779868],[-119.219766,40.780015],[-119.219834,40.780163],[-119.219899,40.780312],[-119.21996,40.780462],[-119.220019,40.780613],[-119.220074,40.780764]]}},{"type":"Feature","properties":{"name":"B","kind":"annular"},"geometry":{"type":"LineString","coordinates":[[-119.196671,40.780963],[-119.196722,40.780824],[-119.196775,40.780685],[-119.196832,40.780548],[-119.196891,40.78041],[-119.196954,40.780274],[-119.19702,40.780139],[-119.197088,40.780004],[-119.197159,40.77987],[-119.197233,40.779737],[-119.19731,40.779605],[-119.19739,40.779474],[-119.197473,40.779344],[-119.197558,40.779215],[-119.197646,40.779087],[-119.197737,40.77896],[-119.197831,40.778835]]}},{"type":"Feature","properties":{"name":"2:00","kind":"avenue"},"geometry":{"type":"LineString","coordinates":[[-119.196671,40.780963],[-119.195694,40.780764]]}},{"type":"Feature","properties":{"name":"7:00","kind":"avenue"},"geometry":{"type":"LineString","coordinates":[[-119.219097,40.780963],[-119.220074,40.780764]]}},{"type":"Feature","properties":{"name":"B","kind":"annular"},"geometry":{"type":"LineString","coordinates":[[-119.217937,40.778835],[-119.218031,40.77896],[-119.218122,40.779087],[-119.21821,40.779215],[-119.218295,40.779344],[-119.218378,40.779474],[-119.218458,40.779605],[-119.218535,40.779737],[-119.218609,40.77987],[-119.21868,40.780004],[-119.218749,40.780139],[-119.218814,40.780274],[-119.218877,40.78041],[-119.218936,40.780548],[-119.218993,40.780685],[-119.219047,40.780824],[-119.219097,40.780963]]}},{"type":"Feature","properties":{"name":"7:00","kind":"avenue"},"geometry":{"type":"LineString","coordinates":[[-119.218121,40.781162],[-119.219097,40.780963]]}},{"type":"Feature","properties":{"name":"A","kind":"annular"},"geometry":{"type":"LineString","coordinates":[[-119.217062,40.779219],[-119.217147,40.779334],[-119.21723,40.77945],[-119.217311,40.779566],[-119.217389,40.779684],[-119.217464,40.779803],[-119.217537,40.779922],[-119.217607,40.780043],[-119.217675,40.780164],[-119.21774,40.780286],[-119.217802,40.780409],[-119.217862,40.780533],[-119.217919,40.780658],[-119.217974,40.780783],[-119.218025,40.780909],[-119.218074,40.781035],[-119.218121,40.781162]]}},{"type":"Feature","properties":{"name":"A","kind":"annular"},"geometry":{"type":"LineString","coordinates":[[-119.197647,40.781162],[-119.197694,40.781035],[-119.197743,40.780909],[-119.197794,40.780783],[-119.197849,40.780658],[-119.197906,40.780533],[-119.197966,40.780409],[-119.198028,40.780286],[-119.198093,40.780164],[-119.198161,40.780043],[-119.198231,40.779922],[-119.198304,40.779803],[-119.198379,40.779684],[-119.198457,40.779566],[-119.198538,40.77945],[-119.198621,40.779334],[-119.198706,40.779219]]}},{"type":"Feature","properties":{"name":"2:00","kind":"avenue"},"geometry":{"type":"LineString","coordinates":[[-119.197647,40.781162],[-119.196671,40.780963]]}},{"type":"Feature","properties":{"name":"K","kind":"annular"},"geometry":{"type":"LineString","coordinates":[[-119.227956,40.779157],[-119.228052,40.779441],[-119.228142,40.779727],[-119.228225,40.780015],[-119.228301,40.780305],[-119.22837,40.780596],[-119.228432,40.780889],[-119.228487,40.781184]]}},{"type":"Feature","properties":{"name":"7:15","kind":"path"},"geometry":{"type":"LineString","coordinates":[[-119.227806,40.781252],[-119.228487,40.781184]]}},{"type":"Feature","properties":{"name":"J","kind":"annular"},"geometry":{"type":"LineString","coordinates":[[-119.227293,40.779293],[-119.227386,40.779567],[-119.227473,40.779843],[-119.227553,40.780122],[-119.227627,40.780402],[-119.227693,40.780684],[-119.227753,40.780967],[-119.227806,40.781252]]}},{"type":"Feature","properties":{"name":"7:15","kind":"path"},"geometry":{"type":"LineString","coordinates":[[-119.227162,40.781317],[-119.227806,40.781252]]}},{"type":"Feature","properties":{"name":"I","kind":"annular"},"geometry":{"type":"LineString","coordinates":[[-119.226665,40.77942],[-119.226756,40.779686],[-119.22684,40.779953],[-119.226917,40.780223],[-119.226988,40.780494],[-119.227053,40.780767],[-119.227111,40.781041],[-119.227162,40.781317]]}},{"type":"Feature","properties":{"name":"7:15","kind":"path"},"geometry":{"type":"LineString","coordinates":[[-119.22616,40.781417],[-119.227162,40.781317]]}},{"type":"Feature","properties":{"name":"H","kind":"annular"},"geometry":{"type":"LineString","coordinates":[[-119.225689,40.77962],[-119.225774,40.779871],[-119.225854,40.780125],[-119.225927,40.78038],[-119.225995,40.780637],[-119.226056,40.780896],[-119.226111,40.781156],[-119.22616,40.781417]]}},{"type":"Feature","properties":{"name":"7:00","kind":"avenue"},"geometry":{"type":"LineString","coordinates":[[-119.216604,40.781471],[-119.218121,40.781162]]}},{"type":"Feature","properties":{"name":"ESP","kind":"annular"},"geometry":{"type":"LineString","coordinates":[[-119.215702,40.779816],[-119.215814,40.779968],[-119.215923,40.780124],[-119.216026,40.780282],[-119.216124,40.780444],[-119.216217,40.780609],[-119.216305,40.780776],[-119.216388,40.780946],[-119.216465,40.781119],[-119.216537,40.781294],[-119.216604,40.781471]]}},{"type":"Feature","properties":{"name":"ESP","kind":"annular"},"geometry":{"type":"LineString","coordinates":[[-119.199165,40.781471],[-119.199231,40.781294],[-119.199303,40.781119],[-119.19938,40.780946],[-119.199463,40.780776],[-119.199551,40.780609],[-119.199644,40.780444],[-119.199742,40.780282],[-119.199846,40.780124],[-119.199954,40.779968],[-119.200067,40.779816]]}},{"type":"Feature","properties":{"name":"2:00","kind":"avenue"},"geometry":{"type":"LineString","coordinates":[[-119.199165,40.781471],[-119.197647,40.781162]]}},{"type":"Feature","properties":{"name":"7:15","kind":"path"},"geometry":{"type":"LineString","coordinates":[[-119.225157,40.781518],[-119.22616,40.781417]]}},{"type":"Feature","properties":{"name":"G","kind":"annular"},"geometry":{"type":"LineString","coordinates":[[-119.224712,40.779819],[-119.224793,40.780056],[-119.224868,40.780296],[-119.224938,40.780537],[-119.225002,40.78078],[-119.225059,40.781025],[-119.225111,40.781271],[-119.225157,40.781518]]}},{"type":"Feature","properties":{"name":"7:15","kind":"path"},"geometry":{"type":"LineString","coordinates":[[-119.224155,40.781618],[-119.225157,40.781518]]}},{"type":"Feature","properties":{"name":"F","kind":"annular"},"geometry":{"type":"LineString","coordinates":[[-119.223736,40.780018],[-119.223812,40.780242],[-119.223883,40.780467],[-119.223948,40.780695],[-119.224008,40.780924],[-119.224063,40.781154],[-119.224112,40.781385],[-119.224155,40.781618]]}},{"type":"Feature","properties":{"name":"K","kind":"annular"},"geometry":{"type":"LineString","coordinates":[[-119.228487,40.781184],[-119.228528,40.781439],[-119.228564,40.781696],[-119.228595,40.781953],[-119.22862,40.782211],[-119.22864,40.782469],[-119.228654,40.782728],[-119.228662,40.782987],[-119.228665,40.783246]]}},{"type":"Feature","properties":{"name":"7:30","kind":"avenue"},"geometry":{"type":"LineString","coordinates":[[-119.227979,40.783246],[-119.228665,40.783246]]}},{"type":"Feature","properties":{"name":"J","kind":"annular"},"geometry":{"type":"LineString","coordinates":[[-119.227806,40.781252],[-119.227852,40.781535],[-119.227891,40.781818],[-119.227922,40.782103],[-119.227947,40.782388],[-119.227965,40.782673],[-119.227975,40.78296],[-119.227979,40.783246]]}},{"type":"Feature","properties":{"name":"7:30","kind":"avenue"},"geometry":{"type":"LineString","coordinates":[[-119.227329,40.783246],[-119.227979,40.783246]]}},{"type":"Feature","properties":{"name":"I","kind":"annular"},"geometry":{"type":"LineString","coordinates":[[-119.227162,40.781317],[-119.227206,40.78159],[-119.227244,40.781864],[-119.227274,40.78214],[-119.227298,40.782416],[-119.227315,40.782692],[-119.227325,40.782969],[-119.227329,40.783246]]}},{"type":"Feature","properties":{"name":"7:30","kind":"avenue"},"geometry":{"type":"LineString","coordinates":[[-119.226318,40.783246],[-119.227329,40.783246]]}},{"type":"Feature","properties":{"name":"H","kind":"annular"},"geometry":{"type":"LineString","coordinates":[[-119.22616,40.781417],[-119.226202,40.781676],[-119.226237,40.781936],[-119.226266,40.782197],[-119.226289,40.782459],[-119.226305,40.782721],[-119.226315,40.782983],[-119.226318,40.783246]]}},{"type":"Feature","properties":{"name":"7:30","kind":"avenue"},"geometry":{"type":"LineString","coordinates":[[-119.225307,40.783246],[-119.226318,40.783246]]}},{"type":"Feature","properties":{"name":"G","kind":"annular"},"geometry":{"type":"LineString","coordinates":[[-119.225157,40.781518],[-119.225197,40.781763],[-119.22523,40.782008],[-119.225258,40.782255],[-119.225279,40.782502],[-119.225294,40.78275],[-119.225304,40.782998],[-119.225307,40.783246]]}},{"type":"Feature","properties":{"name":"7:30","kind":"avenue"},"geometry":{"type":"LineString","coordinates":[[-119.224296,40.783246],[-119.225307,40.783246]]}},{"type":"Feature","properties":{"name":"F","kind":"annular"},"geometry":{"type":"LineString","coordinates":[[-119.224155,40.781618],[-119.224192,40.781849],[-119.224224,40.78208],[-119.22425,40.782313],[-119.22427,40.782546],[-119.224284,40.782779],[-119.224293,40.783013],[-119.224296,40.783246]]}},{"type":"Feature","properties":{"name":"7:30","kind":"avenue"},"geometry":{"type":"LineString","coordinates":[[-119.222545,40.783247],[-119.224296,40.783246]]}},{"type":"Feature","properties":{"name":"E","kind":"annular"},"geometry":{"type":"LineString","coordinates":[[-119.222044,40.780362],[-119.222123,40.780594],[-119.222195,40.780829],[-119.222261,40.781065],[-119.22232,40.781303],[-119.222372,40.781542],[-119.222417,40.781783],[-119.222456,40.782025],[-119.222487,40.782268],[-119.222512,40.782512],[-119.22253,40.782757],[-119.222541,40.783001],[-119.222545,40.783247]]}},{"type":"Feature","properties":{"name":"7:30","kind":"avenue"},"geometry":{"type":"LineString","coordinates":[[-119.221515,40.783247],[-119.222545,40.783247]]}},{"type":"Feature","properties":{"name":"D","kind":"annular"},"geometry":{"type":"LineString","coordinates":[[-119.22105,40.780565],[-119.221124,40.780781],[-119.221191,40.780999],[-119.221252,40.781218],[-119.221307,40.781439],[-119.221355,40.781662],[-119.221397,40.781886],[-119.221433,40.782111],[-119.221462,40.782337],[-119.221485,40.782564],[-119.221502,40.782791],[-119.221512,40.783019],[-119.221515,40.783247]]}},{"type":"Feature","properties":{"name":"7:30","kind":"avenue"},"geometry":{"type":"LineString","coordinates":[[-119.220504,40.783247],[-119.221515,40.783247]]}},{"type":"Feature","properties":{"name":"C","kind":"annular"},"geometry":{"type":"LineString","coordinates":[[-119.220074,40.780764],[-119.220148,40.780982],[-119.220215,40.781202],[-119.220275,40.781424],[-119.220328,40.781648],[-119.220374,40.781874],[-119.220414,40.782101],[-119.220446,40.782328],[-119.220471,40.782557],[-119.220489,40.782787],[-119.2205,40.783017],[-119.220504,40.783247]]}},{"type":"Feature","properties":{"name":"7:30","kind":"avenue"},"geometry":{"type":"LineString","coordinates":[[-119.219493,40.783247],[-119.220504,40.783247]]}},{"type":"Feature","properties":{"name":"B","kind":"annular"},"geometry":{"type":"LineString","coordinates":[[-119.219097,40.780963],[-119.219165,40.781164],[-119.219227,40.781366],[-119.219282,40.781571],[-119.219331,40.781777],[-119.219374,40.781984],[-119.21941,40.782193],[-119.21944,40.782402],[-119.219463,40.782613],[-119.219479,40.782824],[-119.21949,40.783035],[-119.219493,40.783247]]}},{"type":"Feature","properties":{"name":"7:30","kind":"avenue"},"geometry":{"type":"LineString","coordinates":[[-119.218482,40.783247],[-119.219493,40.783247]]}},{"type":"Feature","properties":{"name":"A","kind":"annular"},"geometry":{"type":"LineString","coordinates":[[-119.218121,40.781162],[-119.218183,40.781345],[-119.218239,40.78153],[-119.218289,40.781717],[-119.218334,40.781905],[-119.218373,40.782094],[-119.218406,40.782284],[-119.218433,40.782476],[-119.218454,40.782668],[-119.21847,40.782861],[-119.218479,40.783054],[-119.218482,40.783247]]}},{"type":"Feature","properties":{"name":"7:30","kind":"avenue"},"geometry":{"type":"LineString","coordinates":[[-119.216911,40.783247],[-119.218482,40.783247]]}},{"type":"Feature","properties":{"name":"ESP","kind":"annular"},"geometry":{"type":"LineString","coordinates":[[-119.216604,40.781471],[-119.216661,40.781643],[-119.216713,40.781816],[-119.216759,40.781991],[-119.216799,40.782168],[-119.216833,40.782346],[-119.216861,40.782525],[-119.216883,40.782705],[-119.216899,40.782885],[-119.216908,40.783066],[-119.216911,40.783247]]}},{"type":"Feature","properties":{"name":"6:00","kind":"avenue"},"geometry":{"type":"LineString","coordinates":[[-119.213559,40.778933],[-119.207884,40.783247]]}},{"type":"Feature","properties":{"name":"3:00","kind":"avenue"},"geometry":{"type":"LineString","coordinates":[[-119.207884,40.783247],[-119.201501,40.778395]]}},{"type":"Feature","properties":{"name":"F","kind":"annular"},"geometry":{"type":"LineString","coordinates":[[-119.224296,40.783246],[-119.224293,40.78348],[-119.224284,40.783714],[-119.22427,40.783947],[-119.22425,40.78418],[-119.224224,40.784412],[-119.224193,40.784644],[-119.224156,40.784875]]}},{"type":"Feature","properties":{"name":"G","kind":"annular"},"geometry":{"type":"LineString","coordinates":[[-119.225307,40.783246],[-119.225304,40.783494],[-119.225295,40.783742],[-119.22528,40.78399],[-119.225258,40.784237],[-119.225231,40.784484],[-119.225198,40.78473],[-119.225158,40.784975]]}},{"type":"Feature","properties":{"name":"7:45","kind":"path"},"geometry":{"type":"LineString","coordinates":[[-119.224156,40.784875],[-119.225158,40.784975]]}},{"type":"Feature","properties":{"name":"ESP","kind":"annular"},"geometry":{"type":"LineString","coordinates":[[-119.216911,40.783247],[-119.216908,40.783428],[-119.216899,40.783609],[-119.216883,40.783789],[-119.216861,40.783969],[-119.216833,40.784148],[-119.216799,40.784326],[-119.21676,40.784503],[-119.216714,40.784678],[-119.216662,40.784851],[-119.216604,40.785023]]}},{"type":"Feature","properties":{"name":"H","kind":"annular"},"geometry":{"type":"LineString","coordinates":[[-119.226318,40.783246],[-119.226315,40.783509],[-119.226305,40.783771],[-119.226289,40.784033],[-119.226267,40.784295],[-119.226238,40.784555],[-119.226202,40.784816],[-119.226161,40.785075]]}},{"type":"Feature","properties":{"name":"7:45","kind":"path"},"geometry":{"type":"LineString","coordinates":[[-119.225158,40.784975],[-119.226161,40.785075]]}},{"type":"Feature","properties":{"name":"I","kind":"annular"},"geometry":{"type":"LineString","coordinates":[[-119.227329,40.783246],[-119.227326,40.783523],[-119.227315,40.7838],[-119.227299,40.784076],[-119.227275,40.784352],[-119.227244,40.784627],[-119.227207,40.784902],[-119.227163,40.785175]]}},{"type":"Feature","properties":{"name":"7:45","kind":"path"},"geometry":{"type":"LineString","coordinates":[[-119.226161,40.785075],[-119.227163,40.785175]]}},{"type":"Feature","properties":{"name":"J","kind":"annular"},"geometry":{"type":"LineString","coordinates":[[-119.227979,40.783246],[-119.227975,40.783532],[-119.227965,40.783818],[-119.227947,40.784104],[-119.227923,40.784389],[-119.227891,40.784673],[-119.227853,40.784957],[-119.227808,40.785239]]}},{"type":"Feature","properties":{"name":"7:45","kind":"path"},"geometry":{"type":"LineString","coordinates":[[-119.227163,40.785175],[-119.227808,40.785239]]}},{"type":"Feature","properties":{"name":"K","kind":"annular"},"geometry":{"type":"LineString","coordinates":[[-119.228665,40.783246],[-119.228662,40.783505],[-119.228654,40.783763],[-119.22864,40.784022],[-119.228621,40.78428],[-119.228596,40.784538],[-119.228565,40.784795],[-119.228529,40.785052],[-119.228488,40.785307]]}},{"type":"Feature","properties":{"name":"7:45","kind":"path"},"geometry":{"type":"LineString","coordinates":[[-119.227808,40.785239],[-119.228488,40.785307]]}},{"type":"Feature","properties":{"name":"A","kind":"annular"},"geometry":{"type":"LineString","coordinates":[[-119.218482,40.783247],[-119.218479,40.78344],[-119.21847,40.783633],[-119.218455,40.783826],[-119.218433,40.784018],[-119.218406,40.784209],[-119.218373,40.7844],[-119.218335,40.784589],[-119.21829,40.784777],[-119.218239,40.784964],[-119.218183,40.785149],[-119.218121,40.785332]]}},{"type":"Feature","properties":{"name":"8:00","kind":"avenue"},"geometry":{"type":"LineString","coordinates":[[-119.216604,40.785023],[-119.218121,40.785332]]}},{"type":"Feature","properties":{"name":"B","kind":"annular"},"geometry":{"type":"LineString","coordinates":[[-119.219493,40.783247],[-119.21949,40.783459],[-119.21948,40.78367],[-119.219463,40.783881],[-119.21944,40.784092],[-119.21941,40.784301],[-119.219374,40.78451],[-119.219332,40.784717],[-119.219283,40.784923],[-119.219227,40.785128],[-119.219166,40.78533],[-119.219098,40.785531]]}},{"type":"Feature","properties":{"name":"8:00","kind":"avenue"},"geometry":{"type":"LineString","coordinates":[[-119.218121,40.785332],[-119.219098,40.785531]]}},{"type":"Feature","properties":{"name":"C","kind":"annular"},"geometry":{"type":"LineString","coordinates":[[-119.220504,40.783247],[-119.2205,40.783477],[-119.220489,40.783707],[-119.220471,40.783936],[-119.220446,40.784165],[-119.220414,40.784393],[-119.220375,40.78462],[-119.220329,40.784845],[-119.220275,40.785069],[-119.220215,40.785291],[-119.220148,40.785512],[-119.220075,40.78573]]}},{"type":"Feature","properties":{"name":"8:00","kind":"avenue"},"geometry":{"type":"LineString","coordinates":[[-119.219098,40.785531],[-119.220075,40.78573]]}},{"type":"Feature","properties":{"name":"D","kind":"annular"},"geometry":{"type":"LineString","coordinates":[[-119.221515,40.783247],[-119.221512,40.783475],[-119.221502,40.783702],[-119.221485,40.783929],[-119.221463,40.784156],[-119.221433,40.784382],[-119.221398,40.784607],[-119.221356,40.784831],[-119.221307,40.785054],[-119.221253,40.785275],[-119.221192,40.785495],[-119.221125,40.785713],[-119.221051,40.785928]]}},{"type":"Feature","properties":{"name":"8:00","kind":"avenue"},"geometry":{"type":"LineString","coordinates":[[-119.220075,40.78573],[-119.221051,40.785928]]}},{"type":"Feature","properties":{"name":"E","kind":"annular"},"geometry":{"type":"LineString","coordinates":[[-119.222545,40.783247],[-119.222541,40.783492],[-119.22253,40.783736],[-119.222512,40.783981],[-119.222488,40.784225],[-119.222456,40.784468],[-119.222418,40.78471],[-119.222373,40.784951],[-119.222321,40.78519],[-119.222262,40.785428],[-119.222196,40.785664],[-119.222124,40.785899],[-119.222046,40.786131]]}},{"type":"Feature","properties":{"name":"8:00","kind":"avenue"},"geometry":{"type":"LineString","coordinates":[[-119.221051,40.785928],[-119.222046,40.786131]]}},{"type":"Feature","properties":{"name":"F","kind":"annular"},"geometry":{"type":"LineString","coordinates":[[-119.224156,40.784875],[-119.224113,40.785107],[-119.224064,40.785339],[-119.224009,40.785569],[-119.22395,40.785798],[-119.223884,40.786025],[-119.223813,40.786251],[-119.223737,40.786475]]}},{"type":"Feature","properties":{"name":"8:00","kind":"avenue"},"geometry":{"type":"LineString","coordinates":[[-119.222046,40.786131],[-119.223737,40.786475]]}},{"type":"Feature","properties":{"name":"G","kind":"annular"},"geometry":{"type":"LineString","coordinates":[[-119.225158,40.784975],[-119.225112,40.785222],[-119.22506,40.785467],[-119.225003,40.785712],[-119.224939,40.785955],[-119.22487,40.786196],[-119.224795,40.786436],[-119.224714,40.786674]]}},{"type":"Feature","properties":{"name":"8:00","kind":"avenue"},"geometry":{"type":"LineString","coordinates":[[-119.223737,40.786475],[-119.224714,40.786674]]}},{"type":"Feature","properties":{"name":"ESP","kind":"annular"},"geometry":{"type":"LineString","coordinates":[[-119.216604,40.785023],[-119.216538,40.7852],[-119.216466,40.785375],[-119.216388,40.785548],[-119.216306,40.785718],[-119.216218,40.785886],[-119.216125,40.78605],[-119.216026,40.786212],[-119.215923,40.786371],[-119.215815,40.786526],[-119.215702,40.786678]]}},{"type":"Feature","properties":{"name":"H","kind":"annular"},"geometry":{"type":"LineString","coordinates":[[-119.226161,40.785075],[-119.226112,40.785336],[-119.226057,40.785596],[-119.225996,40.785855],[-119.225929,40.786112],[-119.225856,40.786367],[-119.225776,40.786621],[-119.225691,40.786873]]}},{"type":"Feature","properties":{"name":"8:00","kind":"avenue"},"geometry":{"type":"LineString","coordinates":[[-119.224714,40.786674],[-119.225691,40.786873]]}},{"type":"Feature","properties":{"name":"I","kind":"annular"},"geometry":{"type":"LineString","coordinates":[[-119.227163,40.785175],[-119.227112,40.785451],[-119.227054,40.785725],[-119.22699,40.785998],[-119.226919,40.786269],[-119.226841,40.786538],[-119.226758,40.786806],[-119.226668,40.787071]]}},{"type":"Feature","properties":{"name":"8:00","kind":"avenue"},"geometry":{"type":"LineString","coordinates":[[-119.225691,40.786873],[-119.226668,40.787071]]}},{"type":"Feature","properties":{"name":"J","kind":"annular"},"geometry":{"type":"LineString","coordinates":[[-119.227808,40.785239],[-119.227755,40.785524],[-119.227695,40.785808],[-119.227628,40.78609],[-119.227555,40.78637],[-119.227475,40.786648],[-119.227389,40.786925],[-119.227295,40.787199]]}},{"type":"Feature","properties":{"name":"8:00","kind":"avenue"},"geometry":{"type":"LineString","coordinates":[[-119.226668,40.787071],[-119.227295,40.787199]]}},{"type":"Feature","properties":{"name":"A","kind":"annular"},"geometry":{"type":"LineString","coordinates":[[-119.218121,40.785332],[-119.218075,40.785459],[-119.218026,40.785585],[-119.217975,40.785711],[-119.21792,40.785836],[-119.217863,40.785961],[-119.217803,40.786085],[-119.217741,40.786208],[-119.217676,40.78633],[-119.217608,40.786451],[-119.217538,40.786572],[-119.217465,40.786691],[-119.21739,40.78681],[-119.217312,40.786928],[-119.217231,40.787045],[-119.217148,40.78716],[-119.217063,40.787275]]}},{"type":"Feature","properties":{"name":"8:30","kind":"avenue"},"geometry":{"type":"LineString","coordinates":[[-119.215702,40.786678],[-119.217063,40.787275]]}},{"type":"Feature","properties":{"name":"K","kind":"annular"},"geometry":{"type":"LineString","coordinates":[[-119.228488,40.785307],[-119.228433,40.785602],[-119.228371,40.785895],[-119.228303,40.786187],[-119.228227,40.786476],[-119.228144,40.786764],[-119.228055,40.78705],[-119.227958,40.787334]]}},{"type":"Feature","properties":{"name":"8:00","kind":"avenue"},"geometry":{"type":"LineString","coordinates":[[-119.227295,40.787199],[-119.227958,40.787334]]}},{"type":"Feature","properties":{"name":"B","kind":"annular"},"geometry":{"type":"LineString","coordinates":[[-119.219098,40.785531],[-119.219047,40.78567],[-119.218994,40.785808],[-119.218937,40.785946],[-119.218878,40.786083],[-119.218815,40.78622],[-119.21875,40.786355],[-119.218681,40.78649],[-119.21861,40.786624],[-119.218536,40.786757],[-119.218459,40.786889],[-119.218379,40.78702],[-119.218297,40.78715],[-119.218211,40.787279],[-119.218123,40.787407],[-119.218032,40.787534],[-119.217939,40.787659]]}},{"type":"Feature","properties":{"name":"8:30","kind":"avenue"},"geometry":{"type":"LineString","coordinates":[[-119.217063,40.787275],[-119.217939,40.787659]]}},{"type":"Feature","properties":{"name":"F","kind":"annular"},"geometry":{"type":"LineString","coordinates":[[-119.223737,40.786475],[-119.223654,40.786702],[-119.223566,40.786928],[-119.223472,40.787151],[-119.223373,40.787372],[-119.22327,40.78759],[-119.223161,40.787807],[-119.223048,40.78802]]}},{"type":"Feature","properties":{"name":"C","kind":"annular"},"geometry":{"type":"LineString","coordinates":[[-119.220075,40.78573],[-119.22002,40.785881],[-119.219961,40.786031],[-119.2199,40.786181],[-119.219835,40.78633],[-119.219767,40.786479],[-119.219696,40.786626],[-119.219622,40.786772],[-119.219544,40.786918],[-119.219464,40.787062],[-119.21938,40.787206],[-119.219293,40.787348],[-119.219204,40.78749],[-119.219111,40.78763],[-119.219015,40.787769],[-119.218916,40.787907],[-119.218814,40.788043]]}},{"type":"Feature","properties":{"name":"8:30","kind":"avenue"},"geometry":{"type":"LineString","coordinates":[[-119.217939,40.787659],[-119.218814,40.788043]]}},{"type":"Feature","properties":{"name":"ESP","kind":"annular"},"geometry":{"type":"LineString","coordinates":[[-119.215702,40.786678],[-119.215628,40.786775],[-119.215551,40.786871],[-119.215472,40.786966],[-119.21539,40.787059],[-119.215307,40.787152],[-119.215222,40.787244],[-119.215135,40.787335],[-119.215046,40.787424],[-119.214956,40.787513],[-119.214863,40.7876],[-119.214768,40.787687],[-119.214672,40.787772],[-119.214573,40.787855],[-119.214473,40.787938],[-119.214371,40.788019],[-119.214268,40.788099]]}},{"type":"Feature","properties":{"name":"9:00","kind":"avenue"},"geometry":{"type":"LineString","coordinates":[[-119.207884,40.783247],[-119.214268,40.788099]]}},{"type":"Feature","properties":{"name":"12:00","kind":"avenue"},"geometry":{"type":"LineString","coordinates":[[-119.207884,40.783247],[-119.2015,40.7881]]}},{"type":"Feature","properties":{"name":"G","kind":"annular"},"geometry":{"type":"LineString","coordinates":[[-119.224714,40.786674],[-119.224626,40.786915],[-119.224532,40.787154],[-119.224433,40.787391],[-119.224328,40.787626],[-119.224218,40.787858],[-119.224102,40.788087],[-119.223982,40.788314]]}},{"type":"Feature","properties":{"name":"8:15","kind":"path"},"geometry":{"type":"LineString","coordinates":[[-119.223048,40.78802],[-119.223982,40.788314]]}},{"type":"Feature","properties":{"name":"D","kind":"annular"},"geometry":{"type":"LineString","coordinates":[[-119.221051,40.785928],[-119.220992,40.786092],[-119.220929,40.786254],[-119.220863,40.786416],[-119.220793,40.786577],[-119.220719,40.786737],[-119.220642,40.786897],[-119.220562,40.787055],[-119.220479,40.787212],[-119.220392,40.787368],[-119.220301,40.787523],[-119.220207,40.787677],[-119.22011,40.787829],[-119.22001,40.787981],[-119.219907,40.788131],[-119.2198,40.78828],[-119.21969,40.788427]]}},{"type":"Feature","properties":{"name":"8:30","kind":"avenue"},"geometry":{"type":"LineString","coordinates":[[-119.218814,40.788043],[-119.21969,40.788427]]}},{"type":"Feature","properties":{"name":"H","kind":"annular"},"geometry":{"type":"LineString","coordinates":[[-119.225691,40.786873],[-119.225597,40.787128],[-119.225498,40.787381],[-119.225393,40.787632],[-119.225282,40.78788],[-119.225166,40.788125],[-119.225044,40.788368],[-119.224916,40.788608]]}},{"type":"Feature","properties":{"name":"8:15","kind":"path"},"geometry":{"type":"LineString","coordinates":[[-119.223982,40.788314],[-119.224916,40.788608]]}},{"type":"Feature","properties":{"name":"E","kind":"annular"},"geometry":{"type":"LineString","coordinates":[[-119.222046,40.786131],[-119.221982,40.786306],[-119.221914,40.786481],[-119.221842,40.786655],[-119.221767,40.786829],[-119.221688,40.787001],[-119.221606,40.787172],[-119.221519,40.787342],[-119.221429,40.787511],[-119.221336,40.787679],[-119.221239,40.787846],[-119.221138,40.788011],[-119.221034,40.788175],[-119.220926,40.788338],[-119.220814,40.7885],[-119.2207,40.78866],[-119.220581,40.788819]]}},{"type":"Feature","properties":{"name":"8:30","kind":"avenue"},"geometry":{"type":"LineString","coordinates":[[-119.21969,40.788427],[-119.220581,40.788819]]}},{"type":"Feature","properties":{"name":"I","kind":"annular"},"geometry":{"type":"LineString","coordinates":[[-119.226668,40.787071],[-119.226569,40.787341],[-119.226464,40.787607],[-119.226353,40.787872],[-119.226236,40.788134],[-119.226114,40.788393],[-119.225985,40.788649],[-119.22585,40.788902]]}},{"type":"Feature","properties":{"name":"8:15","kind":"path"},"geometry":{"type":"LineString","coordinates":[[-119.224916,40.788608],[-119.22585,40.788902]]}},{"type":"Feature","properties":{"name":"A","kind":"annular"},"geometry":{"type":"LineString","coordinates":[[-119.217063,40.787275],[-119.216975,40.787389],[-119.216885,40.787501],[-119.216792,40.787612],[-119.216697,40.787723],[-119.216599,40.787832],[-119.216499,40.787939],[-119.216397,40.788046],[-119.216293,40.788151],[-119.216186,40.788255],[-119.216077,40.788358],[-119.215966,40.788459],[-119.215853,40.788559],[-119.215737,40.788657],[-119.21562,40.788754],[-119.2155,40.788849],[-119.215379,40.788943]]}},{"type":"Feature","properties":{"name":"9:00","kind":"avenue"},"geometry":{"type":"LineString","coordinates":[[-119.214268,40.788099],[-119.215379,40.788943]]}},{"type":"Feature","properties":{"name":"J","kind":"annular"},"geometry":{"type":"LineString","coordinates":[[-119.227295,40.787199],[-119.227193,40.787477],[-119.227085,40.787753],[-119.226971,40.788026],[-119.22685,40.788297],[-119.226723,40.788565],[-119.22659,40.78883],[-119.226451,40.789091]]}},{"type":"Feature","properties":{"name":"8:15","kind":"path"},"geometry":{"type":"LineString","coordinates":[[-119.22585,40.788902],[-119.226451,40.789091]]}},{"type":"Feature","properties":{"name":"ESP","kind":"annular"},"geometry":{"type":"LineString","coordinates":[[-119.214268,40.788099],[-119.214073,40.788242],[-119.213875,40.788379],[-119.213674,40.788512],[-119.213469,40.788638],[-119.213261,40.78876],[-119.213049,40.788876],[-119.212835,40.788986],[-119.212618,40.789091],[-119.212398,40.78919]]}},{"type":"Feature","properties":{"name":"K","kind":"annular"},"geometry":{"type":"LineString","coordinates":[[-119.227958,40.787334],[-119.227853,40.787622],[-119.227741,40.787907],[-119.227622,40.78819],[-119.227498,40.788469],[-119.227366,40.788746],[-119.227229,40.78902],[-119.227085,40.789291]]}},{"type":"Feature","properties":{"name":"8:15","kind":"path"},"geometry":{"type":"LineString","coordinates":[[-119.226451,40.789091],[-119.227085,40.789291]]}},{"type":"Feature","properties":{"name":"F","kind":"annular"},"geometry":{"type":"LineString","coordinates":[[-119.223048,40.78802],[-119.222926,40.788238],[-119.222799,40.788453],[-119.222668,40.788665],[-119.222532,40.788874],[-119.222392,40.789081],[-119.222247,40.789284],[-119.222098,40.789484]]}},{"type":"Feature","properties":{"name":"8:30","kind":"avenue"},"geometry":{"type":"LineString","coordinates":[[-119.220581,40.788819],[-119.222098,40.789484]]}},{"type":"Feature","properties":{"name":"B","kind":"annular"},"geometry":{"type":"LineString","coordinates":[[-119.217939,40.787659],[-119.217842,40.787784],[-119.217743,40.787907],[-119.217642,40.788029],[-119.217537,40.78815],[-119.217431,40.788269],[-119.217321,40.788387],[-119.217209,40.788504],[-119.217095,40.788619],[-119.216978,40.788733],[-119.216859,40.788845],[-119.216737,40.788956],[-119.216613,40.789065],[-119.216487,40.789173],[-119.216358,40.789279],[-119.216227,40.789384],[-119.216094,40.789487]]}},{"type":"Feature","properties":{"name":"9:00","kind":"avenue"},"geometry":{"type":"LineString","coordinates":[[-119.215379,40.788943],[-119.216094,40.789487]]}},{"type":"Feature","properties":{"name":"G","kind":"annular"},"geometry":{"type":"LineString","coordinates":[[-119.223982,40.788314],[-119.223852,40.788545],[-119.223718,40.788773],[-119.223579,40.788999],[-119.223435,40.789221],[-119.223286,40.78944],[-119.223132,40.789656],[-119.222974,40.789868]]}},{"type":"Feature","properties":{"name":"8:30","kind":"avenue"},"geometry":{"type":"LineString","coordinates":[[-119.222098,40.789484],[-119.222974,40.789868]]}},{"type":"Feature","properties":{"name":"ESP","kind":"annular"},"geometry":{"type":"LineString","coordinates":[[-119.212398,40.78919],[-119.212164,40.789289],[-119.211928,40.789382],[-119.211689,40.78947],[-119.211449,40.789552],[-119.211206,40.789628],[-119.210962,40.789698],[-119.210716,40.789763],[-119.210469,40.789822],[-119.210221,40.789875]]}},{"type":"Feature","properties":{"name":"C","kind":"annular"},"geometry":{"type":"LineString","coordinates":[[-119.218814,40.788043],[-119.21871,40.788179],[-119.218602,40.788313],[-119.218492,40.788445],[-119.218378,40.788576],[-119.218262,40.788706],[-119.218143,40.788835],[-119.218022,40.788961],[-119.217897,40.789087],[-119.21777,40.78921],[-119.217641,40.789333],[-119.217508,40.789453],[-119.217373,40.789572],[-119.217236,40.789689],[-119.217096,40.789805],[-119.216954,40.789918],[-119.216809,40.79003]]}},{"type":"Feature","properties":{"name":"9:00","kind":"avenue"},"geometry":{"type":"LineString","coordinates":[[-119.216094,40.789487],[-119.216809,40.79003]]}},{"type":"Feature","properties":{"name":"A","kind":"annular"},"geometry":{"type":"LineString","coordinates":[[-119.215379,40.788943],[-119.215174,40.789094],[-119.214965,40.78924],[-119.214753,40.789382],[-119.214538,40.789518],[-119.214319,40.789648],[-119.214098,40.789774],[-119.213873,40.789895],[-119.213646,40.79001],[-119.213416,40.79012],[-119.213184,40.790224]]}},{"type":"Feature","properties":{"name":"9:30","kind":"avenue"},"geometry":{"type":"LineString","coordinates":[[-119.212398,40.78919],[-119.213184,40.790224]]}},{"type":"Feature","properties":{"name":"H","kind":"annular"},"geometry":{"type":"LineString","coordinates":[[-119.224916,40.788608],[-119.224779,40.788853],[-119.224637,40.789094],[-119.22449,40.789332],[-119.224337,40.789567],[-119.22418,40.789799],[-119.224017,40.790027],[-119.22385,40.790252]]}},{"type":"Feature","properties":{"name":"8:30","kind":"avenue"},"geometry":{"type":"LineString","coordinates":[[-119.222974,40.789868],[-119.22385,40.790252]]}},{"type":"Feature","properties":{"name":"D","kind":"annular"},"geometry":{"type":"LineString","coordinates":[[-119.21969,40.788427],[-119.219577,40.788574],[-119.219461,40.788718],[-119.219341,40.788862],[-119.219219,40.789003],[-119.219094,40.789144],[-119.218965,40.789282],[-119.218834,40.789419],[-119.2187,40.789554],[-119.218562,40.789688],[-119.218422,40.78982],[-119.218279,40.78995],[-119.218134,40.790079],[-119.217985,40.790205],[-119.217834,40.79033],[-119.21768,40.790453],[-119.217524,40.790574]]}},{"type":"Feature","properties":{"name":"9:00","kind":"avenue"},"geometry":{"type":"LineString","coordinates":[[-119.216809,40.79003],[-119.217524,40.790574]]}},{"type":"Feature","properties":{"name":"I","kind":"annular"},"geometry":{"type":"LineString","coordinates":[[-119.22585,40.788902],[-119.225706,40.78916],[-119.225556,40.789415],[-119.2254,40.789666],[-119.22524,40.789914],[-119.225074,40.790158],[-119.224902,40.790399],[-119.224726,40.790636]]}},{"type":"Feature","properties":{"name":"8:30","kind":"avenue"},"geometry":{"type":"LineString","coordinates":[[-119.22385,40.790252],[-119.224726,40.790636]]}},{"type":"Feature","properties":{"name":"F","kind":"annular"},"geometry":{"type":"LineString","coordinates":[[-119.222098,40.789484],[-119.221913,40.789722],[-119.221722,40.789955],[-119.221526,40.790183],[-119.221324,40.790407],[-119.221118,40.790627],[-119.220906,40.790841]]}},{"type":"Feature","properties":{"name":"J","kind":"annular"},"geometry":{"type":"LineString","coordinates":[[-119.226451,40.789091],[-119.226302,40.789358],[-119.226147,40.789621],[-119.225986,40.789881],[-119.22582,40.790137],[-119.225648,40.790389],[-119.225471,40.790638],[-119.225289,40.790883]]}},{"type":"Feature","properties":{"name":"8:30","kind":"avenue"},"geometry":{"type":"LineString","coordinates":[[-119.224726,40.790636],[-119.225289,40.790883]]}},{"type":"Feature","properties":{"name":"B","kind":"annular"},"geometry":{"type":"LineString","coordinates":[[-119.216094,40.789487],[-119.215958,40.789588],[-119.215821,40.789688],[-119.215681,40.789786],[-119.215539,40.789882],[-119.215395,40.789976],[-119.21525,40.790068],[-119.215102,40.790159],[-119.214952,40.790248],[-119.2148,40.790335],[-119.214647,40.79042],[-119.214492,40.790503],[-119.214335,40.790584],[-119.214176,40.790664],[-119.214015,40.790741],[-119.213853,40.790816],[-119.213689,40.790889]]}},{"type":"Feature","properties":{"name":"9:30","kind":"avenue"},"geometry":{"type":"LineString","coordinates":[[-119.213184,40.790224],[-119.213689,40.790889]]}},{"type":"Feature","properties":{"name":"A","kind":"annular"},"geometry":{"type":"LineString","coordinates":[[-119.213184,40.790224],[-119.212909,40.79034],[-119.212631,40.790449],[-119.212351,40.790552],[-119.212069,40.790648],[-119.211784,40.790738],[-119.211498,40.790821],[-119.211209,40.790897],[-119.210919,40.790966],[-119.210627,40.791029]]}},{"type":"Feature","properties":{"name":"10:00","kind":"avenue"},"geometry":{"type":"LineString","coordinates":[[-119.210221,40.789875],[-119.210627,40.791029]]}},{"type":"Feature","properties":{"name":"E","kind":"annular"},"geometry":{"type":"LineString","coordinates":[[-119.220581,40.788819],[-119.22046,40.788976],[-119.220335,40.789131],[-119.220207,40.789285],[-119.220075,40.789438],[-119.21994,40.789589],[-119.219802,40.789738],[-119.219661,40.789885],[-119.219516,40.790031],[-119.219369,40.790174],[-119.219218,40.790316],[-119.219064,40.790456],[-119.218908,40.790594],[-119.218748,40.79073],[-119.218585,40.790865],[-119.21842,40.790997],[-119.218252,40.791127]]}},{"type":"Feature","properties":{"name":"9:00","kind":"avenue"},"geometry":{"type":"LineString","coordinates":[[-119.217524,40.790574],[-119.218252,40.791127]]}},{"type":"Feature","properties":{"name":"K","kind":"annular"},"geometry":{"type":"LineString","coordinates":[[-119.227085,40.789291],[-119.226931,40.789566],[-119.22677,40.789838],[-119.226604,40.790107],[-119.226432,40.790372],[-119.226255,40.790633],[-119.226072,40.790891],[-119.225883,40.791144]]}},{"type":"Feature","properties":{"name":"8:30","kind":"avenue"},"geometry":{"type":"LineString","coordinates":[[-119.225289,40.790883],[-119.225883,40.791144]]}},{"type":"Feature","properties":{"name":"G","kind":"annular"},"geometry":{"type":"LineString","coordinates":[[-119.222974,40.789868],[-119.222806,40.790085],[-119.222633,40.790298],[-119.222456,40.790507],[-119.222275,40.790713],[-119.22209,40.790915],[-119.221901,40.791114],[-119.221708,40.791309]]}},{"type":"Feature","properties":{"name":"8:45","kind":"path"},"geometry":{"type":"LineString","coordinates":[[-119.220906,40.790841],[-119.221708,40.791309]]}},{"type":"Feature","properties":{"name":"C","kind":"annular"},"geometry":{"type":"LineString","coordinates":[[-119.216809,40.79003],[-119.216662,40.79014],[-119.216512,40.790249],[-119.21636,40.790355],[-119.216206,40.790459],[-119.21605,40.790562],[-119.215891,40.790662],[-119.21573,40.790761],[-119.215568,40.790858],[-119.215403,40.790952],[-119.215236,40.791045],[-119.215067,40.791135],[-119.214896,40.791223],[-119.214724,40.791309],[-119.214549,40.791393],[-119.214373,40.791475],[-119.214195,40.791555]]}},{"type":"Feature","properties":{"name":"9:30","kind":"avenue"},"geometry":{"type":"LineString","coordinates":[[-119.213689,40.790889],[-119.214195,40.791555]]}},{"type":"Feature","properties":{"name":"B","kind":"annular"},"geometry":{"type":"LineString","coordinates":[[-119.213689,40.790889],[-119.213419,40.791004],[-119.213145,40.791113],[-119.21287,40.791216],[-119.212592,40.791313],[-119.212313,40.791405],[-119.212031,40.79149],[-119.211748,40.791569],[-119.211463,40.791643],[-119.211177,40.79171],[-119.210889,40.791771]]}},{"type":"Feature","properties":{"name":"10:00","kind":"avenue"},"geometry":{"type":"LineString","coordinates":[[-119.210627,40.791029],[-119.210889,40.791771]]}},{"type":"Feature","properties":{"name":"H","kind":"annular"},"geometry":{"type":"LineString","coordinates":[[-119.22385,40.790252],[-119.223672,40.790481],[-119.223489,40.790707],[-119.223302,40.790928],[-119.223111,40.791146],[-119.222915,40.79136],[-119.222715,40.79157],[-119.222511,40.791776]]}},{"type":"Feature","properties":{"name":"8:45","kind":"path"},"geometry":{"type":"LineString","coordinates":[[-119.221708,40.791309],[-119.222511,40.791776]]}},{"type":"Feature","properties":{"name":"F","kind":"annular"},"geometry":{"type":"LineString","coordinates":[[-119.220906,40.790841],[-119.220681,40.791058],[-119.220452,40.79127],[-119.220218,40.791477],[-119.21998,40.79168],[-119.219737,40.791876],[-119.21949,40.792068]]}},{"type":"Feature","properties":{"name":"9:00","kind":"avenue"},"geometry":{"type":"LineString","coordinates":[[-119.218252,40.791127],[-119.21949,40.792068]]}},{"type":"Feature","properties":{"name":"D","kind":"annular"},"geometry":{"type":"LineString","coordinates":[[-119.217524,40.790574],[-119.217365,40.790692],[-119.217203,40.790809],[-119.217039,40.790924],[-119.216873,40.791037],[-119.216704,40.791148],[-119.216533,40.791257],[-119.216359,40.791363],[-119.216183,40.791467],[-119.216005,40.791569],[-119.215825,40.791669],[-119.215643,40.791767],[-119.215458,40.791862],[-119.215272,40.791955],[-119.215083,40.792046],[-119.214893,40.792134],[-119.214701,40.79222]]}},{"type":"Feature","properties":{"name":"9:30","kind":"avenue"},"geometry":{"type":"LineString","coordinates":[[-119.214195,40.791555],[-119.214701,40.79222]]}},{"type":"Feature","properties":{"name":"I","kind":"annular"},"geometry":{"type":"LineString","coordinates":[[-119.224726,40.790636],[-119.224538,40.790878],[-119.224345,40.791116],[-119.224148,40.79135],[-119.223946,40.791579],[-119.223739,40.791805],[-119.223528,40.792027],[-119.223313,40.792244]]}},{"type":"Feature","properties":{"name":"8:45","kind":"path"},"geometry":{"type":"LineString","coordinates":[[-119.222511,40.791776],[-119.223313,40.792244]]}},{"type":"Feature","properties":{"name":"C","kind":"annular"},"geometry":{"type":"LineString","coordinates":[[-119.214195,40.791555],[-119.213901,40.79168],[-119.213604,40.791798],[-119.213304,40.79191],[-119.213002,40.792016],[-119.212698,40.792115],[-119.212392,40.792208],[-119.212085,40.792294],[-119.211775,40.792374],[-119.211464,40.792447],[-119.211151,40.792513]]}},{"type":"Feature","properties":{"name":"10:00","kind":"avenue"},"geometry":{"type":"LineString","coordinates":[[-119.210889,40.791771],[-119.211151,40.792513]]}},{"type":"Feature","properties":{"name":"J","kind":"annular"},"geometry":{"type":"LineString","coordinates":[[-119.225289,40.790883],[-119.225095,40.791133],[-119.224896,40.791379],[-119.224692,40.79162],[-119.224483,40.791858],[-119.224269,40.792091],[-119.224051,40.79232],[-119.223829,40.792545]]}},{"type":"Feature","properties":{"name":"8:45","kind":"path"},"geometry":{"type":"LineString","coordinates":[[-119.223313,40.792244],[-119.223829,40.792545]]}},{"type":"Feature","properties":{"name":"G","kind":"annular"},"geometry":{"type":"LineString","coordinates":[[-119.221708,40.791309],[-119.221504,40.791507],[-119.221296,40.791701],[-119.221085,40.791891],[-119.22087,40.792077],[-119.220652,40.792259],[-119.22043,40.792437],[-119.220206,40.792611]]}},{"type":"Feature","properties":{"name":"9:00","kind":"avenue"},"geometry":{"type":"LineString","coordinates":[[-119.21949,40.792068],[-119.220206,40.792611]]}},{"type":"Feature","properties":{"name":"K","kind":"annular"},"geometry":{"type":"LineString","coordinates":[[-119.225883,40.791144],[-119.225682,40.791402],[-119.225477,40.791656],[-119.225266,40.791906],[-119.22505,40.792152],[-119.224829,40.792393],[-119.224603,40.79263],[-119.224373,40.792862]]}},{"type":"Feature","properties":{"name":"8:45","kind":"path"},"geometry":{"type":"LineString","coordinates":[[-119.223829,40.792545],[-119.224373,40.792862]]}},{"type":"Feature","properties":{"name":"E","kind":"annular"},"geometry":{"type":"LineString","coordinates":[[-119.218252,40.791127],[-119.218081,40.791255],[-119.217907,40.79138],[-119.217731,40.791504],[-119.217552,40.791625],[-119.21737,40.791744],[-119.217186,40.791861],[-119.216999,40.791976],[-119.21681,40.792088],[-119.216618,40.792198],[-119.216425,40.792305],[-119.216228,40.79241],[-119.21603,40.792513],[-119.21583,40.792613],[-119.215627,40.79271],[-119.215422,40.792805],[-119.215215,40.792898]]}},{"type":"Feature","properties":{"name":"9:30","kind":"avenue"},"geometry":{"type":"LineString","coordinates":[[-119.214701,40.79222],[-119.215215,40.792898]]}},{"type":"Feature","properties":{"name":"F","kind":"annular"},"geometry":{"type":"LineString","coordinates":[[-119.21949,40.792068],[-119.219231,40.792261],[-119.218967,40.792448],[-119.2187,40.79263],[-119.218429,40.792807],[-119.218154,40.792978],[-119.217876,40.793144]]}},{"type":"Feature","properties":{"name":"H","kind":"annular"},"geometry":{"type":"LineString","coordinates":[[-119.222511,40.791776],[-119.222295,40.791986],[-119.222075,40.792191],[-119.221851,40.792392],[-119.221624,40.792589],[-119.221393,40.792782],[-119.221159,40.792971],[-119.220921,40.793155]]}},{"type":"Feature","properties":{"name":"9:00","kind":"avenue"},"geometry":{"type":"LineString","coordinates":[[-119.220206,40.792611],[-119.220921,40.793155]]}},{"type":"Feature","properties":{"name":"D","kind":"annular"},"geometry":{"type":"LineString","coordinates":[[-119.214701,40.79222],[-119.214412,40.792343],[-119.21412,40.79246],[-119.213827,40.792572],[-119.213531,40.792677],[-119.213234,40.792777],[-119.212934,40.792872],[-119.212633,40.79296],[-119.21233,40.793043],[-119.212026,40.79312],[-119.21172,40.793191],[-119.211413,40.793256]]}},{"type":"Feature","properties":{"name":"10:00","kind":"avenue"},"geometry":{"type":"LineString","coordinates":[[-119.211151,40.792513],[-119.211413,40.793256]]}},{"type":"Feature","properties":{"name":"I","kind":"annular"},"geometry":{"type":"LineString","coordinates":[[-119.223313,40.792244],[-119.223085,40.792465],[-119.222853,40.792682],[-119.222618,40.792894],[-119.222378,40.793102],[-119.222134,40.793305],[-119.221887,40.793504],[-119.221636,40.793698]]}},{"type":"Feature","properties":{"name":"9:00","kind":"avenue"},"geometry":{"type":"LineString","coordinates":[[-119.220921,40.793155],[-119.221636,40.793698]]}},{"type":"Feature","properties":{"name":"G","kind":"annular"},"geometry":{"type":"LineString","coordinates":[[-119.220206,40.792611],[-119.21993,40.792816],[-119.21965,40.793015],[-119.219366,40.793208],[-119.219079,40.793396],[-119.218787,40.793578],[-119.218492,40.793754]]}},{"type":"Feature","properties":{"name":"9:15","kind":"path"},"geometry":{"type":"LineString","coordinates":[[-119.217876,40.793144],[-119.218492,40.793754]]}},{"type":"Feature","properties":{"name":"E","kind":"annular"},"geometry":{"type":"LineString","coordinates":[[-119.215215,40.792898],[-119.214905,40.79303],[-119.214591,40.793156],[-119.214276,40.793276],[-119.213958,40.793389],[-119.213638,40.793497],[-119.213316,40.793598],[-119.212992,40.793694],[-119.212666,40.793782],[-119.212338,40.793865],[-119.212009,40.793941],[-119.211679,40.794011]]}},{"type":"Feature","properties":{"name":"10:00","kind":"avenue"},"geometry":{"type":"LineString","coordinates":[[-119.211413,40.793256],[-119.211679,40.794011]]}},{"type":"Feature","properties":{"name":"J","kind":"annular"},"geometry":{"type":"LineString","coordinates":[[-119.223829,40.792545],[-119.223593,40.792773],[-119.223354,40.792997],[-119.22311,40.793216],[-119.222862,40.793431],[-119.222611,40.793641],[-119.222355,40.793847],[-119.222096,40.794047]]}},{"type":"Feature","properties":{"name":"9:00","kind":"avenue"},"geometry":{"type":"LineString","coordinates":[[-119.221636,40.793698],[-119.222096,40.794047]]}},{"type":"Feature","properties":{"name":"F","kind":"annular"},"geometry":{"type":"LineString","coordinates":[[-119.217876,40.793144],[-119.217586,40.793309],[-119.217293,40.793469],[-119.216997,40.793623],[-119.216698,40.793771],[-119.216396,40.793914],[-119.216091,40.794051]]}},{"type":"Feature","properties":{"name":"9:30","kind":"avenue"},"geometry":{"type":"LineString","coordinates":[[-119.215215,40.792898],[-119.216091,40.794051]]}},{"type":"Feature","properties":{"name":"H","kind":"annular"},"geometry":{"type":"LineString","coordinates":[[-119.220921,40.793155],[-119.220671,40.793341],[-119.220418,40.793522],[-119.220162,40.7937],[-119.219903,40.793872],[-119.219641,40.794041],[-119.219376,40.794204],[-119.219108,40.794363]]}},{"type":"Feature","properties":{"name":"9:15","kind":"path"},"geometry":{"type":"LineString","coordinates":[[-119.218492,40.793754],[-119.219108,40.794363]]}},{"type":"Feature","properties":{"name":"K","kind":"annular"},"geometry":{"type":"LineString","coordinates":[[-119.224373,40.792862],[-119.22413,40.793098],[-119.223882,40.79333],[-119.22363,40.793557],[-119.223374,40.793779],[-119.223113,40.793996],[-119.222849,40.794208],[-119.222581,40.794416]]}},{"type":"Feature","properties":{"name":"9:00","kind":"avenue"},"geometry":{"type":"LineString","coordinates":[[-119.222096,40.794047],[-119.222581,40.794416]]}},{"type":"Feature","properties":{"name":"G","kind":"annular"},"geometry":{"type":"LineString","coordinates":[[-119.218492,40.793754],[-119.218184,40.793929],[-119.217873,40.794098],[-119.217558,40.794262],[-119.217241,40.794419],[-119.21692,40.794571],[-119.216597,40.794716]]}},{"type":"Feature","properties":{"name":"9:30","kind":"avenue"},"geometry":{"type":"LineString","coordinates":[[-119.216091,40.794051],[-119.216597,40.794716]]}},{"type":"Feature","properties":{"name":"F","kind":"annular"},"geometry":{"type":"LineString","coordinates":[[-119.216091,40.794051],[-119.215776,40.794185],[-119.215458,40.794314],[-119.215138,40.794438],[-119.214816,40.794555],[-119.214492,40.794667],[-119.214166,40.794772]]}},{"type":"Feature","properties":{"name":"I","kind":"annular"},"geometry":{"type":"LineString","coordinates":[[-119.221636,40.793698],[-119.221372,40.793894],[-119.221106,40.794086],[-119.220835,40.794273],[-119.220562,40.794455],[-119.220286,40.794632],[-119.220006,40.794805],[-119.219723,40.794973]]}},{"type":"Feature","properties":{"name":"9:15","kind":"path"},"geometry":{"type":"LineString","coordinates":[[-119.219108,40.794363],[-119.219723,40.794973]]}},{"type":"Feature","properties":{"name":"F","kind":"annular"},"geometry":{"type":"LineString","coordinates":[[-119.214166,40.794772],[-119.213831,40.794875],[-119.213494,40.794971],[-119.213156,40.795061],[-119.212816,40.795146],[-119.212475,40.795224],[-119.212133,40.795297]]}},{"type":"Feature","properties":{"name":"10:00","kind":"avenue"},"geometry":{"type":"LineString","coordinates":[[-119.211679,40.794011],[-119.212133,40.795297]]}},{"type":"Feature","properties":{"name":"J","kind":"annular"},"geometry":{"type":"LineString","coordinates":[[-119.222096,40.794047],[-119.221823,40.79425],[-119.221548,40.794448],[-119.221268,40.794641],[-119.220986,40.79483],[-119.2207,40.795013],[-119.220411,40.795191],[-119.220119,40.795365]]}},{"type":"Feature","properties":{"name":"9:15","kind":"path"},"geometry":{"type":"LineString","coordinates":[[-119.219723,40.794973],[-119.220119,40.795365]]}},{"type":"Feature","properties":{"name":"H","kind":"annular"},"geometry":{"type":"LineString","coordinates":[[-119.219108,40.794363],[-119.218782,40.794549],[-119.218453,40.794728],[-119.21812,40.794901],[-119.217784,40.795068],[-119.217445,40.795228],[-119.217103,40.795382]]}},{"type":"Feature","properties":{"name":"9:30","kind":"avenue"},"geometry":{"type":"LineString","coordinates":[[-119.216597,40.794716],[-119.217103,40.795382]]}},{"type":"Feature","properties":{"name":"G","kind":"annular"},"geometry":{"type":"LineString","coordinates":[[-119.216597,40.794716],[-119.216262,40.794859],[-119.215925,40.794996],[-119.215585,40.795127],[-119.215243,40.795252],[-119.214899,40.79537],[-119.214553,40.795482]]}},{"type":"Feature","properties":{"name":"9:45","kind":"path"},"geometry":{"type":"LineString","coordinates":[[-119.214166,40.794772],[-119.214553,40.795482]]}},{"type":"Feature","properties":{"name":"K","kind":"annular"},"geometry":{"type":"LineString","coordinates":[[-119.222581,40.794416],[-119.222299,40.794626],[-119.222014,40.79483],[-119.221725,40.79503],[-119.221433,40.795225],[-119.221138,40.795415],[-119.220839,40.795599],[-119.220537,40.795778]]}},{"type":"Feature","properties":{"name":"9:15","kind":"path"},"geometry":{"type":"LineString","coordinates":[[-119.220119,40.795365],[-119.220537,40.795778]]}},{"type":"Feature","properties":{"name":"G","kind":"annular"},"geometry":{"type":"LineString","coordinates":[[-119.214553,40.795482],[-119.214197,40.795591],[-119.21384,40.795693],[-119.213481,40.795789],[-119.21312,40.795879],[-119.212758,40.795962],[-119.212394,40.796039]]}},{"type":"Feature","properties":{"name":"10:00","kind":"avenue"},"geometry":{"type":"LineString","coordinates":[[-119.212133,40.795297],[-119.212394,40.796039]]}},{"type":"Feature","properties":{"name":"I","kind":"annular"},"geometry":{"type":"LineString","coordinates":[[-119.219723,40.794973],[-119.219429,40.795141],[-119.219132,40.795304],[-119.218832,40.795463],[-119.21853,40.795616],[-119.218225,40.795765],[-119.217918,40.795909],[-119.217608,40.796047]]}},{"type":"Feature","properties":{"name":"9:30","kind":"avenue"},"geometry":{"type":"LineString","coordinates":[[-119.217103,40.795382],[-119.217608,40.796047]]}},{"type":"Feature","properties":{"name":"H","kind":"annular"},"geometry":{"type":"LineString","coordinates":[[-119.217103,40.795382],[-119.216749,40.795533],[-119.216392,40.795678],[-119.216032,40.795816],[-119.21567,40.795948],[-119.215306,40.796074],[-119.21494,40.796192]]}},{"type":"Feature","properties":{"name":"9:45","kind":"path"},"geometry":{"type":"LineString","coordinates":[[-119.214553,40.795482],[-119.21494,40.796192]]}},{"type":"Feature","properties":{"name":"J","kind":"annular"},"geometry":{"type":"LineString","coordinates":[[-119.220119,40.795365],[-119.219815,40.795539],[-119.219508,40.795707],[-119.219198,40.795871],[-119.218886,40.79603],[-119.218571,40.796183],[-119.218253,40.796332],[-119.217934,40.796475]]}},{"type":"Feature","properties":{"name":"9:30","kind":"avenue"},"geometry":{"type":"LineString","coordinates":[[-119.217608,40.796047],[-119.217934,40.796475]]}},{"type":"Feature","properties":{"name":"H","kind":"annular"},"geometry":{"type":"LineString","coordinates":[[-119.21494,40.796192],[-119.214564,40.796307],[-119.214186,40.796415],[-119.213806,40.796517],[-119.213424,40.796612],[-119.213041,40.7967],[-119.212656,40.796782]]}},{"type":"Feature","properties":{"name":"10:00","kind":"avenue"},"geometry":{"type":"LineString","coordinates":[[-119.212394,40.796039],[-119.212656,40.796782]]}},{"type":"Feature","properties":{"name":"I","kind":"annular"},"geometry":{"type":"LineString","coordinates":[[-119.217608,40.796047],[-119.217288,40.796184],[-119.216966,40.796317],[-119.216642,40.796444],[-119.216316,40.796566],[-119.215988,40.796683],[-119.215658,40.796795],[-119.215327,40.796902]]}},{"type":"Feature","properties":{"name":"9:45","kind":"path"},"geometry":{"type":"LineString","coordinates":[[-119.21494,40.796192],[-119.215327,40.796902]]}},{"type":"Feature","properties":{"name":"K","kind":"annular"},"geometry":{"type":"LineString","coordinates":[[-119.220537,40.795778],[-119.220222,40.795958],[-119.219905,40.796133],[-119.219585,40.796302],[-119.219261,40.796466],[-119.218936,40.796625],[-119.218607,40.796778],[-119.218277,40.796927]]}},{"type":"Feature","properties":{"name":"9:30","kind":"avenue"},"geometry":{"type":"LineString","coordinates":[[-119.217934,40.796475],[-119.218277,40.796927]]}},{"type":"Feature","properties":{"name":"I","kind":"annular"},"geometry":{"type":"LineString","coordinates":[[-119.215327,40.796902],[-119.214987,40.797007],[-119.214645,40.797106],[-119.214302,40.797199],[-119.213958,40.797288],[-119.213613,40.797372],[-119.213266,40.797451],[-119.212918,40.797524]]}},{"type":"Feature","properties":{"name":"10:00","kind":"avenue"},"geometry":{"type":"LineString","coordinates":[[-119.212656,40.796782],[-119.212918,40.797524]]}},{"type":"Feature","properties":{"name":"K","kind":"annular"},"geometry":{"type":"LineString","coordinates":[[-119.218277,40.796927],[-119.217935,40.797073],[-119.21759,40.797215],[-119.217244,40.797351],[-119.216895,40.797481],[-119.216545,40.797607],[-119.216193,40.797726],[-119.215838,40.797841]]}},{"type":"Feature","properties":{"name":"9:45","kind":"path"},"geometry":{"type":"LineString","coordinates":[[-119.215327,40.796902],[-119.215838,40.797841]]}},{"type":"Feature","properties":{"name":"K","kind":"annular"},"geometry":{"type":"LineString","coordinates":[[-119.215838,40.797841],[-119.215475,40.797952],[-119.21511,40.798058],[-119.214744,40.798158],[-119.214376,40.798253],[-119.214006,40.798343],[-119.213636,40.798426],[-119.213264,40.798505]]}},{"type":"Feature","properties":{"name":"10:00","kind":"avenue"},"geometry":{"type":"LineString","coordinates":[[-119.212918,40.797524],[-119.213264,40.798505]]}}]}